experiment,sweep_id,repeat_index,M,N,K,iters,ops_nominal,dtype,locality,operand_dist_a,operand_dist_b,util_frac,energy_j,duration_s,mean_power_w,meter_method,r_j_per_op,gpu_name,gpu_uuid,driver_version,cuda_version,torch_version,persistence_mode,sm_clock_mhz,mem_clock_mhz,power_limit_w,temperature_c,throttled,throttle_reasons,clocks_locked,timestamp_utc,trimmed,sm_clock_p50_mhz,sm_clock_min_mhz,sm_clock_max_mhz,temperature_max_c,throttle_union,idle_variant
0,efb7b61a6922,0,2048,2048,2048,18073,310491775762432,fp16,streamed,reference_drift,reference_drift,,654.588,1.3304739290033467,491.9961118594406,nvml_energy_counter,2.108229753888386e-12,NVIDIA A100-SXM4-80GB,GPU-7657e9bf-9b75-a6b8-af6b-966114659e91,595.84,13020,2.5.1+cu124,True,1335,1593,500.0,68.0,False,4,False,2026-07-21T03:45:48.828974+00:00,False,1335.0,1320.0,1380.0,66.0,4,
0,efb7b61a6922,1,2048,2048,2048,18073,310491775762432,fp16,streamed,reference_drift,reference_drift,,700.201,1.3326784099917859,525.4088268784333,nvml_energy_counter,2.2551354163266084e-12,NVIDIA A100-SXM4-80GB,GPU-7657e9bf-9b75-a6b8-af6b-966114659e91,595.84,13020,2.5.1+cu124,True,1335,1593,500.0,68.0,False,4,False,2026-07-21T03:45:48.828974+00:00,True,1335.0,1320.0,1350.0,66.0,4,
0,efb7b61a6922,2,2048,2048,2048,18073,310491775762432,fp16,streamed,reference_drift,reference_drift,,651.959,1.3310745249618776,489.7990215977368,nvml_energy_counter,2.099762540888801e-12,NVIDIA A100-SXM4-80GB,GPU-7657e9bf-9b75-a6b8-af6b-966114659e91,595.84,13020,2.5.1+cu124,True,1335,1593,500.0,68.0,False,4,False,2026-07-21T03:45:48.828974+00:00,False,1342.5,1305.0,1380.0,67.0,4,
0,efb7b61a6922,3,2048,2048,2048,18073,310491775762432,fp16,streamed,reference_drift,reference_drift,,697.915,1.3321792160277255,523.8897226463522,nvml_energy_counter,2.2477729024745535e-12,NVIDIA A100-SXM4-80GB,GPU-7657e9bf-9b75-a6b8-af6b-966114659e91,595.84,13020,2.5.1+cu124,True,1335,1593,500.0,68.0,False,4,False,2026-07-21T03:45:48.828974+00:00,False,1335.0,1320.0,1350.0,68.0,4,
0,efb7b61a6922,4,2048,2048,2048,18073,310491775762432,fp16,streamed,reference_drift,reference_drift,,647.537,1.3346791849471629,485.1630319128972,nvml_energy_counter,2.0855206177681596e-12,NVIDIA A100-SXM4-80GB,GPU-7657e9bf-9b75-a6b8-af6b-966114659e91,595.84,13020,2.5.1+cu124,True,1335,1593,500.0,68.0,False,4,False,2026-07-21T03:45:48.828974+00:00,False,1335.0,1305.0,1395.0,68.0,4,
2,efb7b61a6922,0,2048,2048,2048,19067,327568565731328,fp16,streamed,low_entropy,low_entropy,,522.121,1.3329593819798902,391.70060772930367,nvml_energy_counter,1.593928888855117e-12,NVIDIA A100-SXM4-80GB,GPU-7657e9bf-9b75-a6b8-af6b-966114659e91,595.84,13020,2.5.1+cu124,True,1410,1593,500.0,64.0,False,0,False,2026-07-21T03:45:59.557414+00:00,False,1410.0,1410.0,1410.0,63.0,0,
2,efb7b61a6922,1,2048,2048,2048,19067,327568565731328,fp16,streamed,low_entropy,low_entropy,,520.755,1.3331397830042988,390.622953900942,nvml_energy_counter,1.5897587695491015e-12,NVIDIA A100-SXM4-80GB,GPU-7657e9bf-9b75-a6b8-af6b-966114659e91,595.84,13020,2.5.1+cu124,True,1410,1593,500.0,64.0,False,0,False,2026-07-21T03:45:59.557414+00:00,False,1410.0,1410.0,1410.0,63.0,0,
2,efb7b61a6922,2,2048,2048,2048,19067,327568565731328,fp16,streamed,low_entropy,low_entropy,,520.943,1.3334175979834981,390.68255945310165,nvml_energy_counter,1.5903326951929749e-12,NVIDIA A100-SXM4-80GB,GPU-7657e9bf-9b75-a6b8-af6b-966114659e91,595.84,13020,2.5.1+cu124,True,1410,1593,500.0,64.0,False,0,False,2026-07-21T03:45:59.557414+00:00,False,1410.0,1410.0,1410.0,63.0,0,
2,efb7b61a6922,3,2048,2048,2048,19067,327568565731328,fp16,streamed,low_entropy,low_entropy,,518.541,1.332767066953238,389.07098836513626,nvml_energy_counter,1.5829998792537005e-12,NVIDIA A100-SXM4-80GB,GPU-7657e9bf-9b75-a6b8-af6b-966114659e91,595.84,13020,2.5.1+cu124,True,1410,1593,500.0,64.0,False,0,False,2026-07-21T03:45:59.557414+00:00,False,1410.0,1410.0,1410.0,63.0,0,
2,efb7b61a6922,4,2048,2048,2048,19067,327568565731328,fp16,streamed,low_entropy,low_entropy,,561.162,1.333017390978057,420.97125198664224,nvml_energy_counter,1.7131130966341426e-12,NVIDIA A100-SXM4-80GB,GPU-7657e9bf-9b75-a6b8-af6b-966114659e91,595.84,13020,2.5.1+cu124,True,1410,1593,500.0,64.0,False,0,False,2026-07-21T03:45:59.557414+00:00,True,1410.0,1410.0,1410.0,64.0,0,
2,efb7b61a6922,0,2048,2048,2048,19627,337189292474368,fp16,streamed,zeros,zeros,,379.423,1.375918653968256,275.7597616005239,nvml_energy_counter,1.1252522202461172e-12,NVIDIA A100-SXM4-80GB,GPU-7657e9bf-9b75-a6b8-af6b-966114659e91,595.84,13020,2.5.1+cu124,True,1410,1593,500.0,56.0,False,0,False,2026-07-21T03:46:10.617541+00:00,False,1410.0,1410.0,1410.0,57.0,0,
2,efb7b61a6922,1,2048,2048,2048,19627,337189292474368,fp16,streamed,zeros,zeros,,378.228,1.3758068929892033,274.91358120631844,nvml_energy_counter,1.1217082168430709e-12,NVIDIA A100-SXM4-80GB,GPU-7657e9bf-9b75-a6b8-af6b-966114659e91,595.84,13020,2.5.1+cu124,True,1410,1593,500.0,56.0,False,0,False,2026-07-21T03:46:10.617541+00:00,False,1410.0,1410.0,1410.0,57.0,0,
2,efb7b61a6922,2,2048,2048,2048,19627,337189292474368,fp16,streamed,zeros,zeros,,406.651,1.3757805830100551,295.5783829353753,nvml_energy_counter,1.20600211535754e-12,NVIDIA A100-SXM4-80GB,GPU-7657e9bf-9b75-a6b8-af6b-966114659e91,595.84,13020,2.5.1+cu124,True,1410,1593,500.0,56.0,False,0,False,2026-07-21T03:46:10.617541+00:00,True,1410.0,1410.0,1410.0,57.0,0,
2,efb7b61a6922,3,2048,2048,2048,19627,337189292474368,fp16,streamed,zeros,zeros,,406.384,1.3759497629944235,295.34799229559303,nvml_energy_counter,1.20521027526665e-12,NVIDIA A100-SXM4-80GB,GPU-7657e9bf-9b75-a6b8-af6b-966114659e91,595.84,13020,2.5.1+cu124,True,1410,1593,500.0,56.0,False,0,False,2026-07-21T03:46:10.617541+00:00,False,1410.0,1410.0,1410.0,57.0,0,
2,efb7b61a6922,4,2048,2048,2048,19627,337189292474368,fp16,streamed,zeros,zeros,,406.148,1.3758807629928924,295.1912774160199,nvml_energy_counter,1.2045103716657136e-12,NVIDIA A100-SXM4-80GB,GPU-7657e9bf-9b75-a6b8-af6b-966114659e91,595.84,13020,2.5.1+cu124,True,1410,1593,500.0,56.0,False,0,False,2026-07-21T03:46:10.617541+00:00,False,1410.0,1410.0,1410.0,56.0,0,
2,efb7b61a6922,0,2048,2048,2048,19638,337378271035392,fp16,streamed,declared_typical,declared_typical,,704.342,1.4569555330090225,483.434109032371,nvml_energy_counter,2.0876922447863053e-12,NVIDIA A100-SXM4-80GB,GPU-7657e9bf-9b75-a6b8-af6b-966114659e91,595.84,13020,2.5.1+cu124,True,1335,1593,500.0,70.0,False,4,False,2026-07-21T03:46:22.328767+00:00,False,1335.0,1320.0,1350.0,69.0,4,
2,efb7b61a6922,1,2048,2048,2048,19638,337378271035392,fp16,streamed,declared_typical,declared_typical,,701.024,1.457816562964581,480.87257190603896,nvml_energy_counter,2.077857586526254e-12,NVIDIA A100-SXM4-80GB,GPU-7657e9bf-9b75-a6b8-af6b-966114659e91,595.84,13020,2.5.1+cu124,True,1335,1593,500.0,70.0,False,4,False,2026-07-21T03:46:22.328767+00:00,False,1335.0,1320.0,1350.0,69.0,4,
2,efb7b61a6922,2,2048,2048,2048,19638,337378271035392,fp16,streamed,declared_typical,declared_typical,,748.84,1.45686051400844,514.0094008997637,nvml_energy_counter,2.219585741849523e-12,NVIDIA A100-SXM4-80GB,GPU-7657e9bf-9b75-a6b8-af6b-966114659e91,595.84,13020,2.5.1+cu124,True,1335,1593,500.0,70.0,False,4,False,2026-07-21T03:46:22.328767+00:00,False,1335.0,1290.0,1350.0,70.0,4,
2,efb7b61a6922,3,2048,2048,2048,19638,337378271035392,fp16,streamed,declared_typical,declared_typical,,702.519,1.4586078699794598,481.6366444052526,nvml_energy_counter,2.082288814404125e-12,NVIDIA A100-SXM4-80GB,GPU-7657e9bf-9b75-a6b8-af6b-966114659e91,595.84,13020,2.5.1+cu124,True,1335,1593,500.0,70.0,False,4,False,2026-07-21T03:46:22.328767+00:00,False,1335.0,1320.0,1365.0,70.0,4,
2,efb7b61a6922,4,2048,2048,2048,19638,337378271035392,fp16,streamed,declared_typical,declared_typical,,751.517,1.459834620996844,514.7959838675622,nvml_energy_counter,2.2275204555813366e-12,NVIDIA A100-SXM4-80GB,GPU-7657e9bf-9b75-a6b8-af6b-966114659e91,595.84,13020,2.5.1+cu124,True,1335,1593,500.0,70.0,False,4,False,2026-07-21T03:46:22.328767+00:00,True,1335.0,1320.0,1335.0,71.0,4,
2,efb7b61a6922,0,2048,2048,2048,18968,325867758682112,fp16,streamed,sparse_struct,sparse_struct,,705.577,1.357985072012525,519.5764037040109,nvml_energy_counter,2.1652249453997045e-12,NVIDIA A100-SXM4-80GB,GPU-7657e9bf-9b75-a6b8-af6b-966114659e91,595.84,13020,2.5.1+cu124,True,1365,1593,500.0,72.0,False,4,False,2026-07-21T03:46:33.267090+00:00,True,1380.0,1365.0,1380.0,72.0,4,
2,efb7b61a6922,1,2048,2048,2048,18968,325867758682112,fp16,streamed,sparse_struct,sparse_struct,,649.936,1.3591678829980083,478.18669652963865,nvml_energy_counter,1.994477768001653e-12,NVIDIA A100-SXM4-80GB,GPU-7657e9bf-9b75-a6b8-af6b-966114659e91,595.84,13020,2.5.1+cu124,True,1365,1593,500.0,72.0,False,4,False,2026-07-21T03:46:33.267090+00:00,False,1380.0,1365.0,1395.0,72.0,4,
2,efb7b61a6922,2,2048,2048,2048,18968,325867758682112,fp16,streamed,sparse_struct,sparse_struct,,649.738,1.3592451319564134,478.01385101509055,nvml_energy_counter,1.993870159563185e-12,NVIDIA A100-SXM4-80GB,GPU-7657e9bf-9b75-a6b8-af6b-966114659e91,595.84,13020,2.5.1+cu124,True,1365,1593,500.0,72.0,False,4,False,2026-07-21T03:46:33.267090+00:00,False,1380.0,1350.0,1380.0,73.0,4,
2,efb7b61a6922,3,2048,2048,2048,18968,325867758682112,fp16,streamed,sparse_struct,sparse_struct,,703.226,1.358243306982331,517.7467073718833,nvml_energy_counter,2.158010362375265e-12,NVIDIA A100-SXM4-80GB,GPU-7657e9bf-9b75-a6b8-af6b-966114659e91,595.84,13020,2.5.1+cu124,True,1365,1593,500.0,72.0,False,4,False,2026-07-21T03:46:33.267090+00:00,False,1380.0,1365.0,1380.0,73.0,4,
2,efb7b61a6922,4,2048,2048,2048,18968,325867758682112,fp16,streamed,sparse_struct,sparse_struct,,648.519,1.3614608540083282,476.3405411846186,nvml_energy_counter,1.990129378318271e-12,NVIDIA A100-SXM4-80GB,GPU-7657e9bf-9b75-a6b8-af6b-966114659e91,595.84,13020,2.5.1+cu124,True,1365,1593,500.0,72.0,False,4,False,2026-07-21T03:46:33.267090+00:00,False,1372.5,1365.0,1395.0,73.0,4,
2,efb7b61a6922,0,2048,2048,2048,19553,335917982154752,fp16,streamed,zeros,zeros,,412.6,1.369797135994304,301.2124855265545,nvml_energy_counter,1.228276013547622e-12,NVIDIA A100-SXM4-80GB,GPU-7657e9bf-9b75-a6b8-af6b-966114659e91,595.84,13020,2.5.1+cu124,True,1410,1593,500.0,58.0,False,0,False,2026-07-21T03:46:44.276234+00:00,True,1410.0,1410.0,1410.0,60.0,0,
2,efb7b61a6922,1,2048,2048,2048,19553,335917982154752,fp16,streamed,zeros,zeros,,410.795,1.3700666659860872,299.8357745638135,nvml_energy_counter,1.222902678102994e-12,NVIDIA A100-SXM4-80GB,GPU-7657e9bf-9b75-a6b8-af6b-966114659e91,595.84,13020,2.5.1+cu124,True,1410,1593,500.0,58.0,False,0,False,2026-07-21T03:46:44.276234+00:00,False,1410.0,1410.0,1410.0,60.0,0,
2,efb7b61a6922,2,2048,2048,2048,19553,335917982154752,fp16,streamed,zeros,zeros,,380.914,1.3700944179436192,278.0202554008763,nvml_energy_counter,1.1339494169279662e-12,NVIDIA A100-SXM4-80GB,GPU-7657e9bf-9b75-a6b8-af6b-966114659e91,595.84,13020,2.5.1+cu124,True,1410,1593,500.0,58.0,False,0,False,2026-07-21T03:46:44.276234+00:00,False,1410.0,1410.0,1410.0,59.0,0,
2,efb7b61a6922,3,2048,2048,2048,19553,335917982154752,fp16,streamed,zeros,zeros,,409.737,1.3702146059949882,299.031259926227,nvml_energy_counter,1.2197530997648134e-12,NVIDIA A100-SXM4-80GB,GPU-7657e9bf-9b75-a6b8-af6b-966114659e91,595.84,13020,2.5.1+cu124,True,1410,1593,500.0,58.0,False,0,False,2026-07-21T03:46:44.276234+00:00,False,1410.0,1410.0,1410.0,59.0,0,
2,efb7b61a6922,4,2048,2048,2048,19553,335917982154752,fp16,streamed,zeros,zeros,,409.265,1.37017760501476,298.694854230661,nvml_energy_counter,1.2183479948729217e-12,NVIDIA A100-SXM4-80GB,GPU-7657e9bf-9b75-a6b8-af6b-966114659e91,595.84,13020,2.5.1+cu124,True,1410,1593,500.0,58.0,False,0,False,2026-07-21T03:46:44.276234+00:00,False,1410.0,1410.0,1410.0,59.0,0,
2,efb7b61a6922,0,2048,2048,2048,19758,339439855337472,fp16,streamed,declared_typical,declared_typical,,750.113,1.4690527379862033,510.60998737748844,nvml_energy_counter,2.209855407975695e-12,NVIDIA A100-SXM4-80GB,GPU-7657e9bf-9b75-a6b8-af6b-966114659e91,595.84,13020,2.5.1+cu124,True,1320,1593,500.0,72.0,False,4,False,2026-07-21T03:46:56.068169+00:00,False,1335.0,1320.0,1335.0,70.0,4,
2,efb7b61a6922,1,2048,2048,2048,19758,339439855337472,fp16,streamed,declared_typical,declared_typical,,754.145,1.4662280430202372,514.3435931334121,nvml_energy_counter,2.221733800971094e-12,NVIDIA A100-SXM4-80GB,GPU-7657e9bf-9b75-a6b8-af6b-966114659e91,595.84,13020,2.5.1+cu124,True,1320,1593,500.0,72.0,False,4,False,2026-07-21T03:46:56.068169+00:00,True,1335.0,1305.0,1335.0,71.0,4,
2,efb7b61a6922,2,2048,2048,2048,19758,339439855337472,fp16,streamed,declared_typical,declared_typical,,701.462,1.4685625300044194,477.65211604431244,nvml_energy_counter,2.0665281020185584e-12,NVIDIA A100-SXM4-80GB,GPU-7657e9bf-9b75-a6b8-af6b-966114659e91,595.84,13020,2.5.1+cu124,True,1320,1593,500.0,72.0,False,4,False,2026-07-21T03:46:56.068169+00:00,False,1335.0,1305.0,1365.0,71.0,4,
2,efb7b61a6922,3,2048,2048,2048,19758,339439855337472,fp16,streamed,declared_typical,declared_typical,,705.526,1.4672682210220955,480.8432363569711,nvml_energy_counter,2.0785007679742386e-12,NVIDIA A100-SXM4-80GB,GPU-7657e9bf-9b75-a6b8-af6b-966114659e91,595.84,13020,2.5.1+cu124,True,1320,1593,500.0,72.0,False,4,False,2026-07-21T03:46:56.068169+00:00,False,1335.0,1305.0,1365.0,72.0,4,
2,efb7b61a6922,4,2048,2048,2048,19758,339439855337472,fp16,streamed,declared_typical,declared_typical,,751.379,1.4682580739608966,511.7485906091541,nvml_energy_counter,2.2135850819668096e-12,NVIDIA A100-SXM4-80GB,GPU-7657e9bf-9b75-a6b8-af6b-966114659e91,595.84,13020,2.5.1+cu124,True,1320,1593,500.0,72.0,False,4,False,2026-07-21T03:46:56.068169+00:00,False,1335.0,1305.0,1365.0,72.0,4,
2,efb7b61a6922,0,2048,2048,2048,18579,319184789569536,fp16,streamed,adversarial_toggle,adversarial_toggle,,700.52,1.3838326489785686,506.2172803315966,nvml_energy_counter,2.1947161108295487e-12,NVIDIA A100-SXM4-80GB,GPU-7657e9bf-9b75-a6b8-af6b-966114659e91,595.84,13020,2.5.1+cu124,True,1320,1593,500.0,74.0,False,4,False,2026-07-21T03:47:07.194953+00:00,False,1320.0,1320.0,1350.0,73.0,4,
2,efb7b61a6922,1,2048,2048,2048,18579,319184789569536,fp16,streamed,adversarial_toggle,adversarial_toggle,,701.453,1.3841848659794778,506.76251217617335,nvml_energy_counter,2.1976391824497795e-12,NVIDIA A100-SXM4-80GB,GPU-7657e9bf-9b75-a6b8-af6b-966114659e91,595.84,13020,2.5.1+cu124,True,1320,1593,500.0,74.0,False,4,False,2026-07-21T03:47:07.194953+00:00,False,1335.0,1320.0,1365.0,73.0,4,
2,efb7b61a6922,2,2048,2048,2048,18579,319184789569536,fp16,streamed,adversarial_toggle,adversarial_toggle,,702.728,1.3839024610351771,507.7872319660088,nvml_energy_counter,2.2016337336992908e-12,NVIDIA A100-SXM4-80GB,GPU-7657e9bf-9b75-a6b8-af6b-966114659e91,595.84,13020,2.5.1+cu124,True,1320,1593,500.0,74.0,False,4,False,2026-07-21T03:47:07.194953+00:00,False,1327.5,1320.0,1365.0,74.0,4,
2,efb7b61a6922,3,2048,2048,2048,18579,319184789569536,fp16,streamed,adversarial_toggle,adversarial_toggle,,703.533,1.3838092549704015,508.4031613988938,nvml_energy_counter,2.204155783703884e-12,NVIDIA A100-SXM4-80GB,GPU-7657e9bf-9b75-a6b8-af6b-966114659e91,595.84,13020,2.5.1+cu124,True,1320,1593,500.0,74.0,False,4,False,2026-07-21T03:47:07.194953+00:00,True,1327.5,1305.0,1365.0,74.0,4,
2,efb7b61a6922,4,2048,2048,2048,18579,319184789569536,fp16,streamed,adversarial_toggle,adversarial_toggle,,654.876,1.383904194983188,473.2090576602057,nvml_energy_counter,2.0517143090784155e-12,NVIDIA A100-SXM4-80GB,GPU-7657e9bf-9b75-a6b8-af6b-966114659e91,595.84,13020,2.5.1+cu124,True,1320,1593,500.0,74.0,False,4,False,2026-07-21T03:47:07.194953+00:00,False,1335.0,1320.0,1365.0,74.0,4,
2,efb7b61a6922,0,2048,2048,2048,18908,324836966531072,fp16,streamed,dense_random,dense_random,,702.762,1.405517223989591,500.00241050422335,nvml_energy_counter,2.1634298814718734e-12,NVIDIA A100-SXM4-80GB,GPU-7657e9bf-9b75-a6b8-af6b-966114659e91,595.84,13020,2.5.1+cu124,True,1320,1593,500.0,73.0,False,4,False,2026-07-21T03:47:18.499820+00:00,False,1320.0,1320.0,1365.0,73.0,4,
2,efb7b61a6922,1,2048,2048,2048,18908,324836966531072,fp16,streamed,dense_random,dense_random,,702.613,1.4055061440449208,499.90034051216793,nvml_energy_counter,2.162971189834677e-12,NVIDIA A100-SXM4-80GB,GPU-7657e9bf-9b75-a6b8-af6b-966114659e91,595.84,13020,2.5.1+cu124,True,1320,1593,500.0,73.0,False,4,False,2026-07-21T03:47:18.499820+00:00,False,1320.0,1305.0,1335.0,73.0,4,
2,efb7b61a6922,2,2048,2048,2048,18908,324836966531072,fp16,streamed,dense_random,dense_random,,701.491,1.4052582849981263,499.19008305361837,nvml_energy_counter,2.1595171494525684e-12,NVIDIA A100-SXM4-80GB,GPU-7657e9bf-9b75-a6b8-af6b-966114659e91,595.84,13020,2.5.1+cu124,True,1320,1593,500.0,73.0,False,4,False,2026-07-21T03:47:18.499820+00:00,False,1320.0,1305.0,1335.0,73.0,4,
2,efb7b61a6922,3,2048,2048,2048,18908,324836966531072,fp16,streamed,dense_random,dense_random,,702.703,1.4058677979628555,499.83576053042657,nvml_energy_counter,2.163248251897413e-12,NVIDIA A100-SXM4-80GB,GPU-7657e9bf-9b75-a6b8-af6b-966114659e91,595.84,13020,2.5.1+cu124,True,1320,1593,500.0,73.0,False,4,False,2026-07-21T03:47:18.499820+00:00,False,1320.0,1320.0,1350.0,74.0,4,
2,efb7b61a6922,4,2048,2048,2048,18908,324836966531072,fp16,streamed,dense_random,dense_random,,702.806,1.40575032599736,499.9507999412122,nvml_energy_counter,2.163565334035878e-12,NVIDIA A100-SXM4-80GB,GPU-7657e9bf-9b75-a6b8-af6b-966114659e91,595.84,13020,2.5.1+cu124,True,1320,1593,500.0,73.0,False,4,False,2026-07-21T03:47:18.499820+00:00,True,1320.0,1305.0,1350.0,74.0,4,
0,efb7b61a6922,0,2048,2048,2048,18640,320232761589760,fp16,streamed,reference_drift,reference_drift,,702.626,1.38872121804161,505.9518000242345,nvml_energy_counter,2.1941102981215637e-12,NVIDIA A100-SXM4-80GB,GPU-7657e9bf-9b75-a6b8-af6b-966114659e91,595.84,13020,2.5.1+cu124,True,1320,1593,500.0,74.0,False,4,False,2026-07-21T03:47:29.659121+00:00,True,1320.0,1320.0,1335.0,74.0,4,
0,efb7b61a6922,1,2048,2048,2048,18640,320232761589760,fp16,streamed,reference_drift,reference_drift,,701.946,1.388570973998867,505.51683215623143,nvml_energy_counter,2.1919868426805147e-12,NVIDIA A100-SXM4-80GB,GPU-7657e9bf-9b75-a6b8-af6b-966114659e91,595.84,13020,2.5.1+cu124,True,1320,1593,500.0,74.0,False,4,False,2026-07-21T03:47:29.659121+00:00,False,1335.0,1320.0,1335.0,74.0,4,
0,efb7b61a6922,2,2048,2048,2048,18640,320232761589760,fp16,streamed,reference_drift,reference_drift,,702.61,1.3880686330376193,506.17814081888986,nvml_energy_counter,2.1940603344641274e-12,NVIDIA A100-SXM4-80GB,GPU-7657e9bf-9b75-a6b8-af6b-966114659e91,595.84,13020,2.5.1+cu124,True,1320,1593,500.0,74.0,False,4,False,2026-07-21T03:47:29.659121+00:00,False,1320.0,1320.0,1335.0,74.0,4,
0,efb7b61a6922,3,2048,2048,2048,18640,320232761589760,fp16,streamed,reference_drift,reference_drift,,654.257,1.3868341679917648,471.7629656813337,nvml_energy_counter,2.0430670389625773e-12,NVIDIA A100-SXM4-80GB,GPU-7657e9bf-9b75-a6b8-af6b-966114659e91,595.84,13020,2.5.1+cu124,True,1320,1593,500.0,74.0,False,4,False,2026-07-21T03:47:29.659121+00:00,False,1335.0,1305.0,1335.0,74.0,4,
0,efb7b61a6922,4,2048,2048,2048,18640,320232761589760,fp16,streamed,reference_drift,reference_drift,,702.603,1.3877278789877892,506.2973877216329,nvml_energy_counter,2.1940384753639988e-12,NVIDIA A100-SXM4-80GB,GPU-7657e9bf-9b75-a6b8-af6b-966114659e91,595.84,13020,2.5.1+cu124,True,1320,1593,500.0,74.0,False,4,False,2026-07-21T03:47:29.659121+00:00,False,1320.0,1320.0,1335.0,74.0,4,
2,efb7b61a6922,0,2048,2048,2048,18861,324029512679424,fp16,streamed,adversarial_toggle,adversarial_toggle,,702.689,1.4059873819933273,499.78329037616845,nvml_energy_counter,2.168595675713032e-12,NVIDIA A100-SXM4-80GB,GPU-7657e9bf-9b75-a6b8-af6b-966114659e91,595.84,13020,2.5.1+cu124,True,1320,1593,500.0,74.0,False,4,False,2026-07-21T03:47:40.949112+00:00,False,1320.0,1320.0,1335.0,74.0,4,
2,efb7b61a6922,1,2048,2048,2048,18861,324029512679424,fp16,streamed,adversarial_toggle,adversarial_toggle,,703.393,1.4045388320228085,500.7999664822208,nvml_energy_counter,2.170768317316504e-12,NVIDIA A100-SXM4-80GB,GPU-7657e9bf-9b75-a6b8-af6b-966114659e91,595.84,13020,2.5.1+cu124,True,1320,1593,500.0,74.0,False,4,False,2026-07-21T03:47:40.949112+00:00,False,1320.0,1305.0,1365.0,74.0,4,
2,efb7b61a6922,2,2048,2048,2048,18861,324029512679424,fp16,streamed,adversarial_toggle,adversarial_toggle,,702.624,1.4051432449487038,500.03727557730247,nvml_energy_counter,2.168395076701348e-12,NVIDIA A100-SXM4-80GB,GPU-7657e9bf-9b75-a6b8-af6b-966114659e91,595.84,13020,2.5.1+cu124,True,1320,1593,500.0,74.0,False,4,False,2026-07-21T03:47:40.949112+00:00,False,1320.0,1305.0,1350.0,74.0,4,
2,efb7b61a6922,3,2048,2048,2048,18861,324029512679424,fp16,streamed,adversarial_toggle,adversarial_toggle,,701.336,1.4037117670523003,499.62963655477375,nvml_energy_counter,2.16442013013136e-12,NVIDIA A100-SXM4-80GB,GPU-7657e9bf-9b75-a6b8-af6b-966114659e91,595.84,13020,2.5.1+cu124,True,1320,1593,500.0,74.0,False,4,False,2026-07-21T03:47:40.949112+00:00,False,1320.0,1305.0,1365.0,74.0,4,
2,efb7b61a6922,4,2048,2048,2048,18861,324029512679424,fp16,streamed,adversarial_toggle,adversarial_toggle,,705.32,1.4033418070175685,502.60029058706016,nvml_energy_counter,2.1767153064782796e-12,NVIDIA A100-SXM4-80GB,GPU-7657e9bf-9b75-a6b8-af6b-966114659e91,595.84,13020,2.5.1+cu124,True,1320,1593,500.0,74.0,False,4,False,2026-07-21T03:47:40.949112+00:00,True,1335.0,1305.0,1365.0,74.0,4,
2,efb7b61a6922,0,2048,2048,2048,18847,323788994510848,fp16,streamed,adversarial_toggle,adversarial_toggle,,702.069,1.4044782069977373,499.8788849139694,nvml_energy_counter,2.1682917328942083e-12,NVIDIA A100-SXM4-80GB,GPU-7657e9bf-9b75-a6b8-af6b-966114659e91,595.84,13020,2.5.1+cu124,True,1335,1593,500.0,73.0,False,4,False,2026-07-21T03:47:52.240094+00:00,False,1320.0,1320.0,1335.0,74.0,4,
2,efb7b61a6922,1,2048,2048,2048,18847,323788994510848,fp16,streamed,adversarial_toggle,adversarial_toggle,,703.678,1.4040849629673176,501.164828738629,nvml_energy_counter,2.173261018531698e-12,NVIDIA A100-SXM4-80GB,GPU-7657e9bf-9b75-a6b8-af6b-966114659e91,595.84,13020,2.5.1+cu124,True,1335,1593,500.0,73.0,False,4,False,2026-07-21T03:47:52.240094+00:00,True,1320.0,1320.0,1350.0,74.0,4,
2,efb7b61a6922,2,2048,2048,2048,18847,323788994510848,fp16,streamed,adversarial_toggle,adversarial_toggle,,702.352,1.4037678730092011,500.3334336854398,nvml_energy_counter,2.1691657588950844e-12,NVIDIA A100-SXM4-80GB,GPU-7657e9bf-9b75-a6b8-af6b-966114659e91,595.84,13020,2.5.1+cu124,True,1335,1593,500.0,73.0,False,4,False,2026-07-21T03:47:52.240094+00:00,False,1335.0,1305.0,1350.0,74.0,4,
2,efb7b61a6922,3,2048,2048,2048,18847,323788994510848,fp16,streamed,adversarial_toggle,adversarial_toggle,,701.766,1.4035922199836932,499.97854790628077,nvml_energy_counter,2.1673559382713623e-12,NVIDIA A100-SXM4-80GB,GPU-7657e9bf-9b75-a6b8-af6b-966114659e91,595.84,13020,2.5.1+cu124,True,1335,1593,500.0,73.0,False,4,False,2026-07-21T03:47:52.240094+00:00,False,1335.0,1320.0,1380.0,74.0,4,
2,efb7b61a6922,4,2048,2048,2048,18847,323788994510848,fp16,streamed,adversarial_toggle,adversarial_toggle,,699.404,1.4049369349959306,497.8187864368629,nvml_energy_counter,2.160061064016701e-12,NVIDIA A100-SXM4-80GB,GPU-7657e9bf-9b75-a6b8-af6b-966114659e91,595.84,13020,2.5.1+cu124,True,1335,1593,500.0,73.0,False,4,False,2026-07-21T03:47:52.240094+00:00,False,1320.0,1320.0,1365.0,74.0,4,
2,efb7b61a6922,0,2048,2048,2048,18827,323445397127168,fp16,streamed,low_entropy,low_entropy,,528.755,1.314654410991352,402.2007575369389,nvml_energy_counter,1.6347581529877547e-12,NVIDIA A100-SXM4-80GB,GPU-7657e9bf-9b75-a6b8-af6b-966114659e91,595.84,13020,2.5.1+cu124,True,1410,1593,500.0,66.0,False,0,False,2026-07-21T03:48:02.808946+00:00,True,1410.0,1410.0,1410.0,67.0,0,
2,efb7b61a6922,1,2048,2048,2048,18827,323445397127168,fp16,streamed,low_entropy,low_entropy,,527.714,1.3146275309845805,401.4171220077618,nvml_energy_counter,1.631539680846101e-12,NVIDIA A100-SXM4-80GB,GPU-7657e9bf-9b75-a6b8-af6b-966114659e91,595.84,13020,2.5.1+cu124,True,1410,1593,500.0,66.0,False,0,False,2026-07-21T03:48:02.808946+00:00,False,1410.0,1410.0,1410.0,67.0,0,
2,efb7b61a6922,2,2048,2048,2048,18827,323445397127168,fp16,streamed,low_entropy,low_entropy,,526.361,1.3145748210372403,400.4039873399407,nvml_energy_counter,1.627356594575536e-12,NVIDIA A100-SXM4-80GB,GPU-7657e9bf-9b75-a6b8-af6b-966114659e91,595.84,13020,2.5.1+cu124,True,1410,1593,500.0,66.0,False,0,False,2026-07-21T03:48:02.808946+00:00,False,1410.0,1410.0,1410.0,66.0,0,
2,efb7b61a6922,3,2048,2048,2048,18827,323445397127168,fp16,streamed,low_entropy,low_entropy,,525.292,1.3146014109952375,399.5827142786347,nvml_energy_counter,1.6240515544992363e-12,NVIDIA A100-SXM4-80GB,GPU-7657e9bf-9b75-a6b8-af6b-966114659e91,595.84,13020,2.5.1+cu124,True,1410,1593,500.0,66.0,False,0,False,2026-07-21T03:48:02.808946+00:00,False,1410.0,1410.0,1410.0,66.0,0,
2,efb7b61a6922,4,2048,2048,2048,18827,323445397127168,fp16,streamed,low_entropy,low_entropy,,526.251,1.314554302021861,400.32655873598776,nvml_energy_counter,1.627016506260856e-12,NVIDIA A100-SXM4-80GB,GPU-7657e9bf-9b75-a6b8-af6b-966114659e91,595.84,13020,2.5.1+cu124,True,1410,1593,500.0,66.0,False,0,False,2026-07-21T03:48:02.808946+00:00,False,1410.0,1410.0,1410.0,66.0,0,
2,efb7b61a6922,0,2048,2048,2048,19695,338357523578880,fp16,streamed,low_entropy,low_entropy,,523.849,1.3777312319725752,380.2258291335793,nvml_energy_counter,1.5482114730570698e-12,NVIDIA A100-SXM4-80GB,GPU-7657e9bf-9b75-a6b8-af6b-966114659e91,595.84,13020,2.5.1+cu124,True,1410,1593,500.0,65.0,False,0,False,2026-07-21T03:48:13.878348+00:00,False,1410.0,1410.0,1410.0,65.0,0,
2,efb7b61a6922,1,2048,2048,2048,19695,338357523578880,fp16,streamed,low_entropy,low_entropy,,563.877,1.3777760470402427,409.2660786281836,nvml_energy_counter,1.6665123743540623e-12,NVIDIA A100-SXM4-80GB,GPU-7657e9bf-9b75-a6b8-af6b-966114659e91,595.84,13020,2.5.1+cu124,True,1410,1593,500.0,65.0,False,0,False,2026-07-21T03:48:13.878348+00:00,False,1410.0,1410.0,1410.0,65.0,0,
2,efb7b61a6922,2,2048,2048,2048,19695,338357523578880,fp16,streamed,low_entropy,low_entropy,,564.279,1.3777259920025244,409.5727330946414,nvml_energy_counter,1.667700466747422e-12,NVIDIA A100-SXM4-80GB,GPU-7657e9bf-9b75-a6b8-af6b-966114659e91,595.84,13020,2.5.1+cu124,True,1410,1593,500.0,65.0,False,0,False,2026-07-21T03:48:13.878348+00:00,True,1410.0,1410.0,1410.0,65.0,0,
2,efb7b61a6922,3,2048,2048,2048,19695,338357523578880,fp16,streamed,low_entropy,low_entropy,,563.584,1.3777466309838928,409.06215070729417,nvml_energy_counter,1.6656464264156189e-12,NVIDIA A100-SXM4-80GB,GPU-7657e9bf-9b75-a6b8-af6b-966114659e91,595.84,13020,2.5.1+cu124,True,1410,1593,500.0,65.0,False,0,False,2026-07-21T03:48:13.878348+00:00,False,1410.0,1410.0,1410.0,65.0,0,
2,efb7b61a6922,4,2048,2048,2048,19695,338357523578880,fp16,streamed,low_entropy,low_entropy,,563.593,1.3776957440422848,409.0837925842514,nvml_energy_counter,1.6656730254990523e-12,NVIDIA A100-SXM4-80GB,GPU-7657e9bf-9b75-a6b8-af6b-966114659e91,595.84,13020,2.5.1+cu124,True,1410,1593,500.0,65.0,False,0,False,2026-07-21T03:48:13.878348+00:00,False,1410.0,1410.0,1410.0,65.0,0,
2,efb7b61a6922,0,2048,2048,2048,19803,340212949450752,fp16,streamed,dense_random,dense_random,,755.098,1.470019890984986,513.6651582952711,nvml_energy_counter,2.2194863576446705e-12,NVIDIA A100-SXM4-80GB,GPU-7657e9bf-9b75-a6b8-af6b-966114659e91,595.84,13020,2.5.1+cu124,True,1320,1593,500.0,72.0,False,4,False,2026-07-21T03:48:25.696552+00:00,True,1335.0,1320.0,1335.0,72.0,4,
2,efb7b61a6922,1,2048,2048,2048,19803,340212949450752,fp16,streamed,dense_random,dense_random,,749.753,1.4713885500095785,509.5547331771199,nvml_energy_counter,2.2037756093952903e-12,NVIDIA A100-SXM4-80GB,GPU-7657e9bf-9b75-a6b8-af6b-966114659e91,595.84,13020,2.5.1+cu124,True,1320,1593,500.0,72.0,False,4,False,2026-07-21T03:48:25.696552+00:00,False,1320.0,1305.0,1335.0,72.0,4,
2,efb7b61a6922,2,2048,2048,2048,19803,340212949450752,fp16,streamed,dense_random,dense_random,,752.586,1.4690528720384464,512.2933383301021,nvml_energy_counter,2.2121027468677867e-12,NVIDIA A100-SXM4-80GB,GPU-7657e9bf-9b75-a6b8-af6b-966114659e91,595.84,13020,2.5.1+cu124,True,1320,1593,500.0,72.0,False,4,False,2026-07-21T03:48:25.696552+00:00,False,1335.0,1305.0,1365.0,72.0,4,
2,efb7b61a6922,3,2048,2048,2048,19803,340212949450752,fp16,streamed,dense_random,dense_random,,702.556,1.4715199189959094,477.4356031003567,nvml_energy_counter,2.0650477917851844e-12,NVIDIA A100-SXM4-80GB,GPU-7657e9bf-9b75-a6b8-af6b-966114659e91,595.84,13020,2.5.1+cu124,True,1320,1593,500.0,72.0,False,4,False,2026-07-21T03:48:25.696552+00:00,False,1335.0,1305.0,1365.0,72.0,4,
2,efb7b61a6922,4,2048,2048,2048,19803,340212949450752,fp16,streamed,dense_random,dense_random,,750.403,1.4703913339762948,510.3423712180949,nvml_energy_counter,2.205686177470519e-12,NVIDIA A100-SXM4-80GB,GPU-7657e9bf-9b75-a6b8-af6b-966114659e91,595.84,13020,2.5.1+cu124,True,1320,1593,500.0,72.0,False,4,False,2026-07-21T03:48:25.696552+00:00,False,1335.0,1305.0,1365.0,72.0,4,
2,efb7b61a6922,0,2048,2048,2048,18953,325610060644352,fp16,streamed,sparse_struct,sparse_struct,,652.326,1.3600809070048854,479.62293760635583,nvml_energy_counter,2.0033963284460793e-12,NVIDIA A100-SXM4-80GB,GPU-7657e9bf-9b75-a6b8-af6b-966114659e91,595.84,13020,2.5.1+cu124,True,1380,1593,500.0,73.0,False,4,False,2026-07-21T03:48:36.636271+00:00,False,1380.0,1365.0,1380.0,73.0,4,
2,efb7b61a6922,1,2048,2048,2048,18953,325610060644352,fp16,streamed,sparse_struct,sparse_struct,,699.261,1.3608820039662533,513.829265110438,nvml_energy_counter,2.1475411374458994e-12,NVIDIA A100-SXM4-80GB,GPU-7657e9bf-9b75-a6b8-af6b-966114659e91,595.84,13020,2.5.1+cu124,True,1380,1593,500.0,73.0,False,4,False,2026-07-21T03:48:36.636271+00:00,False,1380.0,1365.0,1380.0,73.0,4,
2,efb7b61a6922,2,2048,2048,2048,18953,325610060644352,fp16,streamed,sparse_struct,sparse_struct,,652.981,1.3597947559901513,480.20555831936844,nvml_energy_counter,2.0054079370514884e-12,NVIDIA A100-SXM4-80GB,GPU-7657e9bf-9b75-a6b8-af6b-966114659e91,595.84,13020,2.5.1+cu124,True,1380,1593,500.0,73.0,False,4,False,2026-07-21T03:48:36.636271+00:00,False,1372.5,1365.0,1395.0,74.0,4,
2,efb7b61a6922,3,2048,2048,2048,18953,325610060644352,fp16,streamed,sparse_struct,sparse_struct,,699.985,1.3597871820093133,514.7754069615916,nvml_energy_counter,2.1497646559654664e-12,NVIDIA A100-SXM4-80GB,GPU-7657e9bf-9b75-a6b8-af6b-966114659e91,595.84,13020,2.5.1+cu124,True,1380,1593,500.0,73.0,False,4,False,2026-07-21T03:48:36.636271+00:00,True,1380.0,1365.0,1380.0,74.0,4,
2,efb7b61a6922,4,2048,2048,2048,18953,325610060644352,fp16,streamed,sparse_struct,sparse_struct,,651.478,1.3608538099797443,478.72739542074464,nvml_energy_counter,2.0007919863126638e-12,NVIDIA A100-SXM4-80GB,GPU-7657e9bf-9b75-a6b8-af6b-966114659e91,595.84,13020,2.5.1+cu124,True,1380,1593,500.0,73.0,False,4,False,2026-07-21T03:48:36.636271+00:00,False,1365.0,1365.0,1380.0,74.0,4,
2,efb7b61a6922,0,2048,2048,2048,19222,330231445454848,fp16,streamed,declared_typical,declared_typical,,700.596,1.4310644040233456,489.5628722441278,nvml_energy_counter,2.1215302468698164e-12,NVIDIA A100-SXM4-80GB,GPU-7657e9bf-9b75-a6b8-af6b-966114659e91,595.84,13020,2.5.1+cu124,True,1320,1593,500.0,73.0,False,4,False,2026-07-21T03:48:48.146708+00:00,False,1320.0,1320.0,1380.0,73.0,4,
2,efb7b61a6922,1,2048,2048,2048,19222,330231445454848,fp16,streamed,declared_typical,declared_typical,,753.809,1.4295924890320748,527.2894239325339,nvml_energy_counter,2.282668747555923e-12,NVIDIA A100-SXM4-80GB,GPU-7657e9bf-9b75-a6b8-af6b-966114659e91,595.84,13020,2.5.1+cu124,True,1320,1593,500.0,73.0,False,4,False,2026-07-21T03:48:48.146708+00:00,True,1320.0,1320.0,1335.0,73.0,4,
2,efb7b61a6922,2,2048,2048,2048,19222,330231445454848,fp16,streamed,declared_typical,declared_typical,,702.856,1.4300604540039785,491.4869144392441,nvml_energy_counter,2.1283739319007413e-12,NVIDIA A100-SXM4-80GB,GPU-7657e9bf-9b75-a6b8-af6b-966114659e91,595.84,13020,2.5.1+cu124,True,1320,1593,500.0,73.0,False,4,False,2026-07-21T03:48:48.146708+00:00,False,1320.0,1305.0,1350.0,73.0,4,
2,efb7b61a6922,3,2048,2048,2048,19222,330231445454848,fp16,streamed,declared_typical,declared_typical,,702.708,1.4294996929820627,491.5761811281603,nvml_energy_counter,2.127925761376592e-12,NVIDIA A100-SXM4-80GB,GPU-7657e9bf-9b75-a6b8-af6b-966114659e91,595.84,13020,2.5.1+cu124,True,1320,1593,500.0,73.0,False,4,False,2026-07-21T03:48:48.146708+00:00,False,1320.0,1305.0,1335.0,73.0,4,
2,efb7b61a6922,4,2048,2048,2048,19222,330231445454848,fp16,streamed,declared_typical,declared_typical,,751.188,1.4300669459626079,525.281702455097,nvml_energy_counter,2.2747318898275806e-12,NVIDIA A100-SXM4-80GB,GPU-7657e9bf-9b75-a6b8-af6b-966114659e91,595.84,13020,2.5.1+cu124,True,1320,1593,500.0,73.0,False,4,False,2026-07-21T03:48:48.146708+00:00,False,1320.0,1305.0,1335.0,73.0,4,
2,efb7b61a6922,0,2048,2048,2048,18851,323857713987584,fp16,streamed,zeros,zeros,,379.46,1.3197736470028758,287.5190005966024,nvml_energy_counter,1.1716873911317352e-12,NVIDIA A100-SXM4-80GB,GPU-7657e9bf-9b75-a6b8-af6b-966114659e91,595.84,13020,2.5.1+cu124,True,1410,1593,500.0,58.0,False,0,False,2026-07-21T03:48:58.773101+00:00,False,1410.0,1410.0,1410.0,61.0,0,
2,efb7b61a6922,1,2048,2048,2048,18851,323857713987584,fp16,streamed,zeros,zeros,,411.61,1.3195942690363154,311.9216335340666,nvml_energy_counter,1.270959381920976e-12,NVIDIA A100-SXM4-80GB,GPU-7657e9bf-9b75-a6b8-af6b-966114659e91,595.84,13020,2.5.1+cu124,True,1410,1593,500.0,58.0,False,0,False,2026-07-21T03:48:58.773101+00:00,True,1410.0,1410.0,1410.0,60.0,0,
2,efb7b61a6922,2,2048,2048,2048,18851,323857713987584,fp16,streamed,zeros,zeros,,380.981,1.3199210069724359,288.6392427936834,nvml_energy_counter,1.176383898067674e-12,NVIDIA A100-SXM4-80GB,GPU-7657e9bf-9b75-a6b8-af6b-966114659e91,595.84,13020,2.5.1+cu124,True,1410,1593,500.0,58.0,False,0,False,2026-07-21T03:48:58.773101+00:00,False,1410.0,1410.0,1410.0,59.0,0,
2,efb7b61a6922,3,2048,2048,2048,18851,323857713987584,fp16,streamed,zeros,zeros,,380.553,1.3198826940497383,288.3233500337563,nvml_energy_counter,1.1750623300409931e-12,NVIDIA A100-SXM4-80GB,GPU-7657e9bf-9b75-a6b8-af6b-966114659e91,595.84,13020,2.5.1+cu124,True,1410,1593,500.0,58.0,False,0,False,2026-07-21T03:48:58.773101+00:00,False,1410.0,1410.0,1410.0,59.0,0,
2,efb7b61a6922,4,2048,2048,2048,18851,323857713987584,fp16,streamed,zeros,zeros,,379.819,1.3198894870001823,287.7657589827803,nvml_energy_counter,1.1727959026307505e-12,NVIDIA A100-SXM4-80GB,GPU-7657e9bf-9b75-a6b8-af6b-966114659e91,595.84,13020,2.5.1+cu124,True,1410,1593,500.0,58.0,False,0,False,2026-07-21T03:48:58.773101+00:00,False,1410.0,1410.0,1410.0,58.0,0,
0,efb7b61a6922,0,2048,2048,2048,19868,341329640947712,fp16,streamed,reference_drift,reference_drift,,750.104,1.4753503260435537,508.4243292991663,nvml_energy_counter,2.1975940850531287e-12,NVIDIA A100-SXM4-80GB,GPU-7657e9bf-9b75-a6b8-af6b-966114659e91,595.84,13020,2.5.1+cu124,True,1320,1593,500.0,71.0,False,4,False,2026-07-21T03:49:10.615633+00:00,False,1335.0,1320.0,1335.0,70.0,4,
0,efb7b61a6922,1,2048,2048,2048,19868,341329640947712,fp16,streamed,reference_drift,reference_drift,,702.371,1.4729643620084971,476.84181512868685,nvml_energy_counter,2.0577497988450277e-12,NVIDIA A100-SXM4-80GB,GPU-7657e9bf-9b75-a6b8-af6b-966114659e91,595.84,13020,2.5.1+cu124,True,1320,1593,500.0,71.0,False,4,False,2026-07-21T03:49:10.615633+00:00,False,1335.0,1305.0,1380.0,70.0,4,
0,efb7b61a6922,2,2048,2048,2048,19868,341329640947712,fp16,streamed,reference_drift,reference_drift,,702.184,1.4751390159945004,476.012085902701,nvml_energy_counter,2.0572019413560596e-12,NVIDIA A100-SXM4-80GB,GPU-7657e9bf-9b75-a6b8-af6b-966114659e91,595.84,13020,2.5.1+cu124,True,1320,1593,500.0,71.0,False,4,False,2026-07-21T03:49:10.615633+00:00,False,1335.0,1320.0,1365.0,71.0,4,
0,efb7b61a6922,3,2048,2048,2048,19868,341329640947712,fp16,streamed,reference_drift,reference_drift,,751.813,1.4749064070056193,509.7360730341825,nvml_energy_counter,2.2026009751528423e-12,NVIDIA A100-SXM4-80GB,GPU-7657e9bf-9b75-a6b8-af6b-966114659e91,595.84,13020,2.5.1+cu124,True,1320,1593,500.0,71.0,False,4,False,2026-07-21T03:49:10.615633+00:00,True,1335.0,1305.0,1335.0,71.0,4,
0,efb7b61a6922,4,2048,2048,2048,19868,341329640947712,fp16,streamed,reference_drift,reference_drift,,750.602,1.4746033229748718,509.0196043270348,nvml_energy_counter,2.199053085210915e-12,NVIDIA A100-SXM4-80GB,GPU-7657e9bf-9b75-a6b8-af6b-966114659e91,595.84,13020,2.5.1+cu124,True,1320,1593,500.0,71.0,False,4,False,2026-07-21T03:49:10.615633+00:00,False,1335.0,1305.0,1335.0,71.0,4,
2,efb7b61a6922,0,2048,2048,2048,18717,321555611516928,fp16,streamed,dense_random,dense_random,,702.055,1.3911229699733667,504.66782243804147,nvml_energy_counter,2.183308189485727e-12,NVIDIA A100-SXM4-80GB,GPU-7657e9bf-9b75-a6b8-af6b-966114659e91,595.84,13020,2.5.1+cu124,True,1320,1593,500.0,72.0,False,4,False,2026-07-21T03:49:21.799292+00:00,False,1335.0,1320.0,1335.0,72.0,4,
2,efb7b61a6922,1,2048,2048,2048,18717,321555611516928,fp16,streamed,dense_random,dense_random,,703.829,1.389837789000012,506.41089598405927,nvml_energy_counter,2.1888251201081824e-12,NVIDIA A100-SXM4-80GB,GPU-7657e9bf-9b75-a6b8-af6b-966114659e91,595.84,13020,2.5.1+cu124,True,1320,1593,500.0,72.0,False,4,False,2026-07-21T03:49:21.799292+00:00,False,1335.0,1305.0,1365.0,72.0,4,
2,efb7b61a6922,2,2048,2048,2048,18717,321555611516928,fp16,streamed,dense_random,dense_random,,699.855,1.3899227699730545,503.52078195939447,nvml_energy_counter,2.1764664491422095e-12,NVIDIA A100-SXM4-80GB,GPU-7657e9bf-9b75-a6b8-af6b-966114659e91,595.84,13020,2.5.1+cu124,True,1320,1593,500.0,72.0,False,4,False,2026-07-21T03:49:21.799292+00:00,False,1335.0,1305.0,1335.0,72.0,4,
2,efb7b61a6922,3,2048,2048,2048,18717,321555611516928,fp16,streamed,dense_random,dense_random,,705.658,1.388733129017055,508.13074539343967,nvml_energy_counter,2.1945130942392257e-12,NVIDIA A100-SXM4-80GB,GPU-7657e9bf-9b75-a6b8-af6b-966114659e91,595.84,13020,2.5.1+cu124,True,1320,1593,500.0,72.0,False,4,False,2026-07-21T03:49:21.799292+00:00,True,1335.0,1320.0,1365.0,72.0,4,
2,efb7b61a6922,4,2048,2048,2048,18717,321555611516928,fp16,streamed,dense_random,dense_random,,699.157,1.3920281330356374,502.25780888158306,nvml_energy_counter,2.1742957515241297e-12,NVIDIA A100-SXM4-80GB,GPU-7657e9bf-9b75-a6b8-af6b-966114659e91,595.84,13020,2.5.1+cu124,True,1320,1593,500.0,72.0,False,4,False,2026-07-21T03:49:21.799292+00:00,False,1335.0,1320.0,1335.0,72.0,4,
2,efb7b61a6922,0,2048,2048,2048,18784,322706662752256,fp16,streamed,declared_typical,declared_typical,,703.038,1.3971240340033546,503.2037119750185,nvml_energy_counter,2.1785667330324902e-12,NVIDIA A100-SXM4-80GB,GPU-7657e9bf-9b75-a6b8-af6b-966114659e91,595.84,13020,2.5.1+cu124,True,1320,1593,500.0,73.0,False,4,False,2026-07-21T03:49:33.042768+00:00,True,1335.0,1320.0,1335.0,73.0,4,
2,efb7b61a6922,1,2048,2048,2048,18784,322706662752256,fp16,streamed,declared_typical,declared_typical,,699.405,1.395939712994732,501.028084156697,nvml_energy_counter,2.1673088309829466e-12,NVIDIA A100-SXM4-80GB,GPU-7657e9bf-9b75-a6b8-af6b-966114659e91,595.84,13020,2.5.1+cu124,True,1320,1593,500.0,73.0,False,4,False,2026-07-21T03:49:33.042768+00:00,False,1335.0,1320.0,1335.0,73.0,4,
2,efb7b61a6922,2,2048,2048,2048,18784,322706662752256,fp16,streamed,declared_typical,declared_typical,,702.007,1.3957832669839263,502.9484280298971,nvml_energy_counter,2.1753718811158706e-12,NVIDIA A100-SXM4-80GB,GPU-7657e9bf-9b75-a6b8-af6b-966114659e91,595.84,13020,2.5.1+cu124,True,1320,1593,500.0,73.0,False,4,False,2026-07-21T03:49:33.042768+00:00,False,1335.0,1305.0,1335.0,73.0,4,
2,efb7b61a6922,3,2048,2048,2048,18784,322706662752256,fp16,streamed,declared_typical,declared_typical,,700.204,1.3958122619660571,501.64625937139624,nvml_energy_counter,2.1697847637485908e-12,NVIDIA A100-SXM4-80GB,GPU-7657e9bf-9b75-a6b8-af6b-966114659e91,595.84,13020,2.5.1+cu124,True,1320,1593,500.0,73.0,False,4,False,2026-07-21T03:49:33.042768+00:00,False,1320.0,1305.0,1335.0,73.0,4,
2,efb7b61a6922,4,2048,2048,2048,18784,322706662752256,fp16,streamed,declared_typical,declared_typical,,702.424,1.396094664989505,503.1349360577067,nvml_energy_counter,2.1766640763139603e-12,NVIDIA A100-SXM4-80GB,GPU-7657e9bf-9b75-a6b8-af6b-966114659e91,595.84,13020,2.5.1+cu124,True,1320,1593,500.0,73.0,False,4,False,2026-07-21T03:49:33.042768+00:00,False,1320.0,1320.0,1335.0,73.0,4,
2,efb7b61a6922,0,2048,2048,2048,18733,321830489423872,fp16,streamed,dense_random,dense_random,,702.897,1.3933399650268257,504.46913003494257,nvml_energy_counter,2.184059693220173e-12,NVIDIA A100-SXM4-80GB,GPU-7657e9bf-9b75-a6b8-af6b-966114659e91,595.84,13020,2.5.1+cu124,True,1320,1593,500.0,73.0,False,4,False,2026-07-21T03:49:44.242293+00:00,False,1335.0,1320.0,1335.0,73.0,4,
2,efb7b61a6922,1,2048,2048,2048,18733,321830489423872,fp16,streamed,dense_random,dense_random,,702.63,1.3928206720156595,504.4655167152059,nvml_energy_counter,2.1832300639315433e-12,NVIDIA A100-SXM4-80GB,GPU-7657e9bf-9b75-a6b8-af6b-966114659e91,595.84,13020,2.5.1+cu124,True,1320,1593,500.0,73.0,False,4,False,2026-07-21T03:49:44.242293+00:00,False,1320.0,1320.0,1335.0,73.0,4,
2,efb7b61a6922,2,2048,2048,2048,18733,321830489423872,fp16,streamed,dense_random,dense_random,,704.272,1.3922318890108727,505.8582593596231,nvml_energy_counter,2.188332128695325e-12,NVIDIA A100-SXM4-80GB,GPU-7657e9bf-9b75-a6b8-af6b-966114659e91,595.84,13020,2.5.1+cu124,True,1320,1593,500.0,73.0,False,4,False,2026-07-21T03:49:44.242293+00:00,False,1335.0,1305.0,1335.0,73.0,4,
2,efb7b61a6922,3,2048,2048,2048,18733,321830489423872,fp16,streamed,dense_random,dense_random,,704.75,1.39232316496782,506.16840811974026,nvml_energy_counter,2.1898173826277775e-12,NVIDIA A100-SXM4-80GB,GPU-7657e9bf-9b75-a6b8-af6b-966114659e91,595.84,13020,2.5.1+cu124,True,1320,1593,500.0,73.0,False,4,False,2026-07-21T03:49:44.242293+00:00,True,1320.0,1320.0,1350.0,73.0,4,
2,efb7b61a6922,4,2048,2048,2048,18733,321830489423872,fp16,streamed,dense_random,dense_random,,652.905,1.3919429630041122,469.0601679474643,nvml_energy_counter,2.0287232610210557e-12,NVIDIA A100-SXM4-80GB,GPU-7657e9bf-9b75-a6b8-af6b-966114659e91,595.84,13020,2.5.1+cu124,True,1320,1593,500.0,73.0,False,4,False,2026-07-21T03:49:44.242293+00:00,False,1335.0,1305.0,1350.0,73.0,4,
2,efb7b61a6922,0,2048,2048,2048,18829,323479756865536,fp16,streamed,adversarial_toggle,adversarial_toggle,,703.297,1.401772187964525,501.7198985958184,nvml_energy_counter,2.1741607784512662e-12,NVIDIA A100-SXM4-80GB,GPU-7657e9bf-9b75-a6b8-af6b-966114659e91,595.84,13020,2.5.1+cu124,True,1335,1593,500.0,73.0,False,4,False,2026-07-21T03:49:55.502705+00:00,False,1320.0,1320.0,1335.0,73.0,4,
2,efb7b61a6922,1,2048,2048,2048,18829,323479756865536,fp16,streamed,adversarial_toggle,adversarial_toggle,,701.652,1.3997279609902762,501.2774050063249,nvml_energy_counter,2.1690754525071025e-12,NVIDIA A100-SXM4-80GB,GPU-7657e9bf-9b75-a6b8-af6b-966114659e91,595.84,13020,2.5.1+cu124,True,1335,1593,500.0,73.0,False,4,False,2026-07-21T03:49:55.502705+00:00,False,1335.0,1305.0,1365.0,73.0,4,
2,efb7b61a6922,2,2048,2048,2048,18829,323479756865536,fp16,streamed,adversarial_toggle,adversarial_toggle,,704.171,1.4000801270012744,502.95050006045767,nvml_energy_counter,2.176862647676311e-12,NVIDIA A100-SXM4-80GB,GPU-7657e9bf-9b75-a6b8-af6b-966114659e91,595.84,13020,2.5.1+cu124,True,1335,1593,500.0,73.0,False,4,False,2026-07-21T03:49:55.502705+00:00,True,1335.0,1305.0,1365.0,73.0,4,
2,efb7b61a6922,3,2048,2048,2048,18829,323479756865536,fp16,streamed,adversarial_toggle,adversarial_toggle,,698.859,1.4010544500197284,498.8093075113243,nvml_energy_counter,2.160441218244459e-12,NVIDIA A100-SXM4-80GB,GPU-7657e9bf-9b75-a6b8-af6b-966114659e91,595.84,13020,2.5.1+cu124,True,1335,1593,500.0,73.0,False,4,False,2026-07-21T03:49:55.502705+00:00,False,1320.0,1305.0,1365.0,73.0,4,
2,efb7b61a6922,4,2048,2048,2048,18829,323479756865536,fp16,streamed,adversarial_toggle,adversarial_toggle,,703.664,1.3988521239953116,503.0295825624799,nvml_energy_counter,2.1752953162151007e-12,NVIDIA A100-SXM4-80GB,GPU-7657e9bf-9b75-a6b8-af6b-966114659e91,595.84,13020,2.5.1+cu124,True,1335,1593,500.0,73.0,False,4,False,2026-07-21T03:49:55.502705+00:00,False,1335.0,1320.0,1335.0,73.0,4,
2,efb7b61a6922,0,2048,2048,2048,18521,318188357156864,fp16,streamed,low_entropy,low_entropy,,527.523,1.29527867003344,407.26602869665186,nvml_energy_counter,1.6578953570571281e-12,NVIDIA A100-SXM4-80GB,GPU-7657e9bf-9b75-a6b8-af6b-966114659e91,595.84,13020,2.5.1+cu124,True,1410,1593,500.0,65.0,False,0,False,2026-07-21T03:50:05.920749+00:00,True,1410.0,1410.0,1410.0,67.0,0,
2,efb7b61a6922,1,2048,2048,2048,18521,318188357156864,fp16,streamed,low_entropy,low_entropy,,524.511,1.2960253019700758,404.7073766250518,nvml_energy_counter,1.6484292658810917e-12,NVIDIA A100-SXM4-80GB,GPU-7657e9bf-9b75-a6b8-af6b-966114659e91,595.84,13020,2.5.1+cu124,True,1410,1593,500.0,65.0,False,0,False,2026-07-21T03:50:05.920749+00:00,False,1410.0,1410.0,1410.0,66.0,0,
2,efb7b61a6922,2,2048,2048,2048,18521,318188357156864,fp16,streamed,low_entropy,low_entropy,,523.914,1.2958702080068178,404.29511903497945,nvml_energy_counter,1.6465530187256824e-12,NVIDIA A100-SXM4-80GB,GPU-7657e9bf-9b75-a6b8-af6b-966114659e91,595.84,13020,2.5.1+cu124,True,1410,1593,500.0,65.0,False,0,False,2026-07-21T03:50:05.920749+00:00,False,1410.0,1410.0,1410.0,66.0,0,
2,efb7b61a6922,3,2048,2048,2048,18521,318188357156864,fp16,streamed,low_entropy,low_entropy,,524.988,1.2951965439715423,405.33462079059944,nvml_energy_counter,1.6499283779298865e-12,NVIDIA A100-SXM4-80GB,GPU-7657e9bf-9b75-a6b8-af6b-966114659e91,595.84,13020,2.5.1+cu124,True,1410,1593,500.0,65.0,False,0,False,2026-07-21T03:50:05.920749+00:00,False,1410.0,1410.0,1410.0,66.0,0,
2,efb7b61a6922,4,2048,2048,2048,18521,318188357156864,fp16,streamed,low_entropy,low_entropy,,522.872,1.295706148026511,403.5421154683767,nvml_energy_counter,1.6432782288832422e-12,NVIDIA A100-SXM4-80GB,GPU-7657e9bf-9b75-a6b8-af6b-966114659e91,595.84,13020,2.5.1+cu124,True,1410,1593,500.0,65.0,False,0,False,2026-07-21T03:50:05.920749+00:00,False,1410.0,1410.0,1410.0,65.0,0,
2,efb7b61a6922,0,2048,2048,2048,19549,335849262678016,fp16,streamed,sparse_struct,sparse_struct,,702.045,1.4005557969794609,501.2617144665572,nvml_energy_counter,2.090357425238898e-12,NVIDIA A100-SXM4-80GB,GPU-7657e9bf-9b75-a6b8-af6b-966114659e91,595.84,13020,2.5.1+cu124,True,1365,1593,500.0,72.0,False,4,False,2026-07-21T03:50:17.169704+00:00,False,1380.0,1365.0,1380.0,71.0,4,
2,efb7b61a6922,1,2048,2048,2048,19549,335849262678016,fp16,streamed,sparse_struct,sparse_struct,,701.631,1.398413132992573,501.7337033288047,nvml_energy_counter,2.089124729366057e-12,NVIDIA A100-SXM4-80GB,GPU-7657e9bf-9b75-a6b8-af6b-966114659e91,595.84,13020,2.5.1+cu124,True,1365,1593,500.0,72.0,False,4,False,2026-07-21T03:50:17.169704+00:00,False,1380.0,1365.0,1380.0,72.0,4,
2,efb7b61a6922,2,2048,2048,2048,19549,335849262678016,fp16,streamed,sparse_struct,sparse_struct,,701.0,1.3992672089952976,500.9765079132615,nvml_energy_counter,2.0872459102941663e-12,NVIDIA A100-SXM4-80GB,GPU-7657e9bf-9b75-a6b8-af6b-966114659e91,595.84,13020,2.5.1+cu124,True,1365,1593,500.0,72.0,False,4,False,2026-07-21T03:50:17.169704+00:00,False,1380.0,1365.0,1380.0,72.0,4,
2,efb7b61a6922,3,2048,2048,2048,19549,335849262678016,fp16,streamed,sparse_struct,sparse_struct,,697.724,1.3987398209865205,498.823290458622,nvml_energy_counter,2.0774915342569e-12,NVIDIA A100-SXM4-80GB,GPU-7657e9bf-9b75-a6b8-af6b-966114659e91,595.84,13020,2.5.1+cu124,True,1365,1593,500.0,72.0,False,4,False,2026-07-21T03:50:17.169704+00:00,False,1380.0,1365.0,1380.0,72.0,4,
2,efb7b61a6922,4,2048,2048,2048,19549,335849262678016,fp16,streamed,sparse_struct,sparse_struct,,702.377,1.3993268820340745,501.93918877554773,nvml_energy_counter,2.0913459639581818e-12,NVIDIA A100-SXM4-80GB,GPU-7657e9bf-9b75-a6b8-af6b-966114659e91,595.84,13020,2.5.1+cu124,True,1365,1593,500.0,72.0,False,4,False,2026-07-21T03:50:17.169704+00:00,True,1380.0,1365.0,1395.0,72.0,4,
2,efb7b61a6922,0,2048,2048,2048,19375,332859965440000,fp16,streamed,sparse_struct,sparse_struct,,702.404,1.3893340569920838,505.56883455423866,nvml_energy_counter,2.1102087151619696e-12,NVIDIA A100-SXM4-80GB,GPU-7657e9bf-9b75-a6b8-af6b-966114659e91,595.84,13020,2.5.1+cu124,True,1380,1593,500.0,72.0,False,4,False,2026-07-21T03:50:28.344491+00:00,False,1380.0,1365.0,1380.0,72.0,4,
2,efb7b61a6922,1,2048,2048,2048,19375,332859965440000,fp16,streamed,sparse_struct,sparse_struct,,703.216,1.3885819140123203,506.42745156319285,nvml_energy_counter,2.1126481794541883e-12,NVIDIA A100-SXM4-80GB,GPU-7657e9bf-9b75-a6b8-af6b-966114659e91,595.84,13020,2.5.1+cu124,True,1380,1593,500.0,72.0,False,4,False,2026-07-21T03:50:28.344491+00:00,True,1380.0,1365.0,1380.0,72.0,4,
2,efb7b61a6922,2,2048,2048,2048,19375,332859965440000,fp16,streamed,sparse_struct,sparse_struct,,700.036,1.3905466519645415,503.42503720461343,nvml_energy_counter,2.103094612398455e-12,NVIDIA A100-SXM4-80GB,GPU-7657e9bf-9b75-a6b8-af6b-966114659e91,595.84,13020,2.5.1+cu124,True,1380,1593,500.0,72.0,False,4,False,2026-07-21T03:50:28.344491+00:00,False,1380.0,1365.0,1380.0,73.0,4,
2,efb7b61a6922,3,2048,2048,2048,19375,332859965440000,fp16,streamed,sparse_struct,sparse_struct,,651.738,1.3886515159974806,469.33157274656554,nvml_energy_counter,1.9579945552733637e-12,NVIDIA A100-SXM4-80GB,GPU-7657e9bf-9b75-a6b8-af6b-966114659e91,595.84,13020,2.5.1+cu124,True,1380,1593,500.0,72.0,False,4,False,2026-07-21T03:50:28.344491+00:00,False,1380.0,1365.0,1380.0,73.0,4,
2,efb7b61a6922,4,2048,2048,2048,19375,332859965440000,fp16,streamed,sparse_struct,sparse_struct,,650.352,1.3898981949896552,467.9134071433487,nvml_energy_counter,1.9538306420849215e-12,NVIDIA A100-SXM4-80GB,GPU-7657e9bf-9b75-a6b8-af6b-966114659e91,595.84,13020,2.5.1+cu124,True,1380,1593,500.0,72.0,False,4,False,2026-07-21T03:50:28.344491+00:00,False,1380.0,1365.0,1380.0,73.0,4,
2,efb7b61a6922,0,2048,2048,2048,18433,316676528668672,fp16,streamed,zeros,zeros,,381.903,1.2904222919605672,295.9519549369891,nvml_energy_counter,1.20597191590278e-12,NVIDIA A100-SXM4-80GB,GPU-7657e9bf-9b75-a6b8-af6b-966114659e91,595.84,13020,2.5.1+cu124,True,1410,1593,500.0,57.0,False,0,False,2026-07-21T03:50:38.720117+00:00,True,1410.0,1410.0,1410.0,60.0,0,
2,efb7b61a6922,1,2048,2048,2048,18433,316676528668672,fp16,streamed,zeros,zeros,,379.996,1.290553009021096,294.44431754743084,nvml_energy_counter,1.1999499981811946e-12,NVIDIA A100-SXM4-80GB,GPU-7657e9bf-9b75-a6b8-af6b-966114659e91,595.84,13020,2.5.1+cu124,True,1410,1593,500.0,57.0,False,0,False,2026-07-21T03:50:38.720117+00:00,False,1410.0,1410.0,1410.0,59.0,0,
2,efb7b61a6922,2,2048,2048,2048,18433,316676528668672,fp16,streamed,zeros,zeros,,379.821,1.2906192149966955,294.2936193623714,nvml_energy_counter,1.1993973838124074e-12,NVIDIA A100-SXM4-80GB,GPU-7657e9bf-9b75-a6b8-af6b-966114659e91,595.84,13020,2.5.1+cu124,True,1410,1593,500.0,57.0,False,0,False,2026-07-21T03:50:38.720117+00:00,False,1410.0,1410.0,1410.0,58.0,0,
2,efb7b61a6922,3,2048,2048,2048,18433,316676528668672,fp16,streamed,zeros,zeros,,378.781,1.2907460040296428,293.45897552071835,nvml_energy_counter,1.196113275563614e-12,NVIDIA A100-SXM4-80GB,GPU-7657e9bf-9b75-a6b8-af6b-966114659e91,595.84,13020,2.5.1+cu124,True,1410,1593,500.0,57.0,False,0,False,2026-07-21T03:50:38.720117+00:00,False,1410.0,1410.0,1410.0,58.0,0,
2,efb7b61a6922,4,2048,2048,2048,18433,316676528668672,fp16,streamed,zeros,zeros,,348.885,1.2905403060140088,270.3402585523066,nvml_energy_counter,1.1017077945963801e-12,NVIDIA A100-SXM4-80GB,GPU-7657e9bf-9b75-a6b8-af6b-966114659e91,595.84,13020,2.5.1+cu124,True,1410,1593,500.0,57.0,False,0,False,2026-07-21T03:50:38.720117+00:00,False,1410.0,1410.0,1410.0,57.0,0,
