experiment,sweep_id,repeat_index,M,N,K,iters,flops,dtype,locality,operand_dist_a,operand_dist_b,util_frac,energy_j,duration_s,mean_power_w,meter_method,r_j_per_flop,gpu_name,gpu_uuid,driver_version,cuda_version,torch_version,persistence_mode,sm_clock_mhz,mem_clock_mhz,power_limit_w,temperature_c,throttled,throttle_reasons,clocks_locked,timestamp_utc
0,b835c2c71f65,0,8192,8192,8192,362,398023209254912,fp16,dram,reference_drift,reference_drift,,699.811,1.4169280900387093,493.89309515409616,nvml_energy_counter,1.758216565586781e-12,NVIDIA A100-SXM4-80GB,GPU-ba29d029-6ff5-ad0f-e210-30d8d3965aea,595.71.05,13020,2.5.1+cu124,True,1335,1593,500.0,62.0,True,4,False,2026-06-18T02:33:31.284192+00:00
0,b835c2c71f65,1,8192,8192,8192,362,398023209254912,fp16,dram,reference_drift,reference_drift,,701.139,1.4194279679795727,493.95884526497525,nvml_energy_counter,1.7615530544374837e-12,NVIDIA A100-SXM4-80GB,GPU-ba29d029-6ff5-ad0f-e210-30d8d3965aea,595.71.05,13020,2.5.1+cu124,True,1335,1593,500.0,62.0,True,4,False,2026-06-18T02:33:31.284192+00:00
0,b835c2c71f65,2,8192,8192,8192,362,398023209254912,fp16,dram,reference_drift,reference_drift,,701.531,1.416178869025316,495.3689222060121,nvml_energy_counter,1.7625379216283538e-12,NVIDIA A100-SXM4-80GB,GPU-ba29d029-6ff5-ad0f-e210-30d8d3965aea,595.71.05,13020,2.5.1+cu124,True,1335,1593,500.0,62.0,True,4,False,2026-06-18T02:33:31.284192+00:00
0,b835c2c71f65,3,8192,8192,8192,362,398023209254912,fp16,dram,reference_drift,reference_drift,,702.772,1.41848521202337,495.438369073686,nvml_energy_counter,1.765655830260675e-12,NVIDIA A100-SXM4-80GB,GPU-ba29d029-6ff5-ad0f-e210-30d8d3965aea,595.71.05,13020,2.5.1+cu124,True,1335,1593,500.0,62.0,True,4,False,2026-06-18T02:33:31.284192+00:00
2,b835c2c71f65,0,8192,8192,8192,386,424411488321536,fp16,dram,adversarial_toggle,adversarial_toggle,,749.203,1.535966555995401,487.77299028784535,nvml_energy_counter,1.7652750234517698e-12,NVIDIA A100-SXM4-80GB,GPU-ba29d029-6ff5-ad0f-e210-30d8d3965aea,595.71.05,13020,2.5.1+cu124,True,1335,1593,500.0,68.0,True,4,False,2026-06-18T02:33:43.686309+00:00
2,b835c2c71f65,1,8192,8192,8192,386,424411488321536,fp16,dram,adversarial_toggle,adversarial_toggle,,750.473,1.536251693032682,488.5091443046726,nvml_energy_counter,1.768267402392836e-12,NVIDIA A100-SXM4-80GB,GPU-ba29d029-6ff5-ad0f-e210-30d8d3965aea,595.71.05,13020,2.5.1+cu124,True,1335,1593,500.0,68.0,True,4,False,2026-06-18T02:33:43.686309+00:00
2,b835c2c71f65,2,8192,8192,8192,386,424411488321536,fp16,dram,adversarial_toggle,adversarial_toggle,,751.708,1.5332114669727162,490.28331459340484,nvml_energy_counter,1.7711773141977315e-12,NVIDIA A100-SXM4-80GB,GPU-ba29d029-6ff5-ad0f-e210-30d8d3965aea,595.71.05,13020,2.5.1+cu124,True,1335,1593,500.0,68.0,True,4,False,2026-06-18T02:33:43.686309+00:00
2,b835c2c71f65,3,8192,8192,8192,386,424411488321536,fp16,dram,adversarial_toggle,adversarial_toggle,,798.129,1.534461141040083,520.1363388446676,nvml_energy_counter,1.8805546550034337e-12,NVIDIA A100-SXM4-80GB,GPU-ba29d029-6ff5-ad0f-e210-30d8d3965aea,595.71.05,13020,2.5.1+cu124,True,1335,1593,500.0,68.0,True,4,False,2026-06-18T02:33:43.686309+00:00
2,b835c2c71f65,0,8192,8192,8192,382,420013441810432,fp16,dram,low_entropy,low_entropy,,532.446,1.421442926977761,374.5813425883193,nvml_energy_counter,1.2676879999481377e-12,NVIDIA A100-SXM4-80GB,GPU-ba29d029-6ff5-ad0f-e210-30d8d3965aea,595.71.05,13020,2.5.1+cu124,True,1410,1593,500.0,61.0,False,0,False,2026-06-18T02:33:55.172835+00:00
2,b835c2c71f65,1,8192,8192,8192,382,420013441810432,fp16,dram,low_entropy,low_entropy,,532.446,1.4213601620285772,374.60315423508746,nvml_energy_counter,1.2676879999481377e-12,NVIDIA A100-SXM4-80GB,GPU-ba29d029-6ff5-ad0f-e210-30d8d3965aea,595.71.05,13020,2.5.1+cu124,True,1410,1593,500.0,61.0,False,0,False,2026-06-18T02:33:55.172835+00:00
2,b835c2c71f65,2,8192,8192,8192,382,420013441810432,fp16,dram,low_entropy,low_entropy,,533.245,1.4213714729994535,375.1623063566332,nvml_energy_counter,1.2695903200180762e-12,NVIDIA A100-SXM4-80GB,GPU-ba29d029-6ff5-ad0f-e210-30d8d3965aea,595.71.05,13020,2.5.1+cu124,True,1410,1593,500.0,61.0,False,0,False,2026-06-18T02:33:55.172835+00:00
2,b835c2c71f65,3,8192,8192,8192,382,420013441810432,fp16,dram,low_entropy,low_entropy,,533.524,1.4213991650030948,375.35128283182746,nvml_energy_counter,1.2702545844730361e-12,NVIDIA A100-SXM4-80GB,GPU-ba29d029-6ff5-ad0f-e210-30d8d3965aea,595.71.05,13020,2.5.1+cu124,True,1410,1593,500.0,61.0,False,0,False,2026-06-18T02:33:55.172835+00:00
2,b835c2c71f65,0,8192,8192,8192,387,425510999949312,fp16,dram,sparse_struct,sparse_struct,,598.305,1.4409347350010648,415.220055056524,nvml_energy_counter,1.4060858592874724e-12,NVIDIA A100-SXM4-80GB,GPU-ba29d029-6ff5-ad0f-e210-30d8d3965aea,595.71.05,13020,2.5.1+cu124,True,1410,1593,500.0,65.0,False,0,False,2026-06-18T02:34:06.785151+00:00
2,b835c2c71f65,1,8192,8192,8192,387,425510999949312,fp16,dram,sparse_struct,sparse_struct,,598.844,1.4409661839599721,415.58504749521245,nvml_energy_counter,1.407352571546531e-12,NVIDIA A100-SXM4-80GB,GPU-ba29d029-6ff5-ad0f-e210-30d8d3965aea,595.71.05,13020,2.5.1+cu124,True,1410,1593,500.0,65.0,False,0,False,2026-06-18T02:34:06.785151+00:00
2,b835c2c71f65,2,8192,8192,8192,387,425510999949312,fp16,dram,sparse_struct,sparse_struct,,598.943,1.4409562250366434,415.65662411761946,nvml_energy_counter,1.4075852329818681e-12,NVIDIA A100-SXM4-80GB,GPU-ba29d029-6ff5-ad0f-e210-30d8d3965aea,595.71.05,13020,2.5.1+cu124,True,1410,1593,500.0,65.0,False,0,False,2026-06-18T02:34:06.785151+00:00
2,b835c2c71f65,3,8192,8192,8192,387,425510999949312,fp16,dram,sparse_struct,sparse_struct,,641.207,1.441062174970284,444.9544309309362,nvml_energy_counter,1.5069105148313023e-12,NVIDIA A100-SXM4-80GB,GPU-ba29d029-6ff5-ad0f-e210-30d8d3965aea,595.71.05,13020,2.5.1+cu124,True,1410,1593,500.0,65.0,False,0,False,2026-06-18T02:34:06.785151+00:00
2,b835c2c71f65,0,8192,8192,8192,384,422212465065984,fp16,dram,zeros,zeros,,382.489,1.4286862579756416,267.7207804476,nvml_energy_counter,9.059159348604831e-13,NVIDIA A100-SXM4-80GB,GPU-ba29d029-6ff5-ad0f-e210-30d8d3965aea,595.71.05,13020,2.5.1+cu124,True,1410,1593,500.0,54.0,False,0,False,2026-06-18T02:34:18.301918+00:00
2,b835c2c71f65,1,8192,8192,8192,384,422212465065984,fp16,dram,zeros,zeros,,383.276,1.4286525450297631,268.2779667690406,nvml_energy_counter,9.077799253039606e-13,NVIDIA A100-SXM4-80GB,GPU-ba29d029-6ff5-ad0f-e210-30d8d3965aea,595.71.05,13020,2.5.1+cu124,True,1410,1593,500.0,54.0,False,0,False,2026-06-18T02:34:18.301918+00:00
2,b835c2c71f65,2,8192,8192,8192,384,422212465065984,fp16,dram,zeros,zeros,,383.822,1.4286836240207776,268.6543007470057,nvml_energy_counter,9.09073113083044e-13,NVIDIA A100-SXM4-80GB,GPU-ba29d029-6ff5-ad0f-e210-30d8d3965aea,595.71.05,13020,2.5.1+cu124,True,1410,1593,500.0,54.0,False,0,False,2026-06-18T02:34:18.301918+00:00
2,b835c2c71f65,3,8192,8192,8192,384,422212465065984,fp16,dram,zeros,zeros,,385.463,1.4287402700283565,269.7922135227207,nvml_energy_counter,9.129597818476518e-13,NVIDIA A100-SXM4-80GB,GPU-ba29d029-6ff5-ad0f-e210-30d8d3965aea,595.71.05,13020,2.5.1+cu124,True,1410,1593,500.0,54.0,False,0,False,2026-06-18T02:34:18.301918+00:00
2,b835c2c71f65,0,8192,8192,8192,389,427710023204864,fp16,dram,declared_typical,declared_typical,,749.05,1.5470308659714647,484.18555600675154,nvml_energy_counter,1.7513033582596706e-12,NVIDIA A100-SXM4-80GB,GPU-ba29d029-6ff5-ad0f-e210-30d8d3965aea,595.71.05,13020,2.5.1+cu124,True,1320,1593,500.0,72.0,True,4,False,2026-06-18T02:34:30.759169+00:00
2,b835c2c71f65,1,8192,8192,8192,389,427710023204864,fp16,dram,declared_typical,declared_typical,,750.365,1.5498484310228378,484.15379528744575,nvml_energy_counter,1.7543778711975406e-12,NVIDIA A100-SXM4-80GB,GPU-ba29d029-6ff5-ad0f-e210-30d8d3965aea,595.71.05,13020,2.5.1+cu124,True,1320,1593,500.0,72.0,True,4,False,2026-06-18T02:34:30.759169+00:00
2,b835c2c71f65,2,8192,8192,8192,389,427710023204864,fp16,dram,declared_typical,declared_typical,,750.95,1.5465287400293164,485.5713188917296,nvml_energy_counter,1.7557456202991786e-12,NVIDIA A100-SXM4-80GB,GPU-ba29d029-6ff5-ad0f-e210-30d8d3965aea,595.71.05,13020,2.5.1+cu124,True,1320,1593,500.0,72.0,True,4,False,2026-06-18T02:34:30.759169+00:00
2,b835c2c71f65,3,8192,8192,8192,389,427710023204864,fp16,dram,declared_typical,declared_typical,,800.973,1.549560048035346,516.9034920689498,nvml_energy_counter,1.8727010276688115e-12,NVIDIA A100-SXM4-80GB,GPU-ba29d029-6ff5-ad0f-e210-30d8d3965aea,595.71.05,13020,2.5.1+cu124,True,1320,1593,500.0,72.0,True,4,False,2026-06-18T02:34:30.759169+00:00
2,b835c2c71f65,0,8192,8192,8192,380,417814418554880,fp16,dram,dense_random,dense_random,,745.838,1.5149184109759517,492.32882417707947,nvml_energy_counter,1.7850939720550453e-12,NVIDIA A100-SXM4-80GB,GPU-ba29d029-6ff5-ad0f-e210-30d8d3965aea,595.71.05,13020,2.5.1+cu124,True,1320,1593,500.0,74.0,True,4,False,2026-06-18T02:34:42.961493+00:00
2,b835c2c71f65,1,8192,8192,8192,380,417814418554880,fp16,dram,dense_random,dense_random,,748.22,1.5139057739870623,494.2315518286637,nvml_energy_counter,1.7907950677908958e-12,NVIDIA A100-SXM4-80GB,GPU-ba29d029-6ff5-ad0f-e210-30d8d3965aea,595.71.05,13020,2.5.1+cu124,True,1320,1593,500.0,74.0,True,4,False,2026-06-18T02:34:42.961493+00:00
2,b835c2c71f65,2,8192,8192,8192,380,417814418554880,fp16,dram,dense_random,dense_random,,749.433,1.5140793310129084,494.9760456069595,nvml_energy_counter,1.7936982706152393e-12,NVIDIA A100-SXM4-80GB,GPU-ba29d029-6ff5-ad0f-e210-30d8d3965aea,595.71.05,13020,2.5.1+cu124,True,1320,1593,500.0,74.0,True,4,False,2026-06-18T02:34:42.961493+00:00
2,b835c2c71f65,3,8192,8192,8192,380,417814418554880,fp16,dram,dense_random,dense_random,,749.485,1.513219460961409,495.29167403373344,nvml_energy_counter,1.7938227277849556e-12,NVIDIA A100-SXM4-80GB,GPU-ba29d029-6ff5-ad0f-e210-30d8d3965aea,595.71.05,13020,2.5.1+cu124,True,1320,1593,500.0,74.0,True,4,False,2026-06-18T02:34:42.961493+00:00
