experiment,sweep_id,repeat_index,M,N,K,iters,ops_nominal,dtype,locality,operand_dist_a,operand_dist_b,util_frac,energy_j,duration_s,mean_power_w,meter_method,r_j_per_op,gpu_name,gpu_uuid,driver_version,cuda_version,torch_version,persistence_mode,sm_clock_mhz,mem_clock_mhz,power_limit_w,temperature_c,throttled,throttle_reasons,clocks_locked,timestamp_utc,trimmed,sm_clock_p50_mhz,sm_clock_min_mhz,sm_clock_max_mhz,temperature_max_c,throttle_union,idle_variant,cov_dtype,cov_dist,cov_iters,cov_ops_nominal,window_pad_s
3,b9af294e862e,0,0,0,0,0,0,fp16,streamed,idle,idle,0.0,315.368,5.004958260979038,63.01111488955949,nvml_energy_counter,nan,NVIDIA A100-SXM4-80GB,GPU-ac1cbae9-37e9-404d-a624-959b7a66e772,595.84,13020,2.5.1+cu124,True,210,1593,500.0,26.0,False,1,False,2026-07-22T02:26:24.411782+00:00,False,210.0,210.0,210.0,26.0,1,no_ctx,,,0,0,0.0
3,b9af294e862e,1,0,0,0,0,0,fp16,streamed,idle,idle,0.0,314.973,5.005055424000602,62.93097145130877,nvml_energy_counter,nan,NVIDIA A100-SXM4-80GB,GPU-ac1cbae9-37e9-404d-a624-959b7a66e772,595.84,13020,2.5.1+cu124,True,210,1593,500.0,26.0,False,1,False,2026-07-22T02:26:24.411782+00:00,False,210.0,210.0,210.0,26.0,1,no_ctx,,,0,0,0.0
3,b9af294e862e,2,0,0,0,0,0,fp16,streamed,idle,idle,0.0,315.089,5.0048435860080644,62.956812652624684,nvml_energy_counter,nan,NVIDIA A100-SXM4-80GB,GPU-ac1cbae9-37e9-404d-a624-959b7a66e772,595.84,13020,2.5.1+cu124,True,210,1593,500.0,26.0,False,1,False,2026-07-22T02:26:24.411782+00:00,False,210.0,210.0,210.0,26.0,1,no_ctx,,,0,0,0.0
3,b9af294e862e,3,0,0,0,0,0,fp16,streamed,idle,idle,0.0,315.328,5.005066354002338,63.00176215403131,nvml_energy_counter,nan,NVIDIA A100-SXM4-80GB,GPU-ac1cbae9-37e9-404d-a624-959b7a66e772,595.84,13020,2.5.1+cu124,True,210,1593,500.0,26.0,False,1,False,2026-07-22T02:26:24.411782+00:00,False,210.0,210.0,210.0,26.0,1,no_ctx,,,0,0,0.0
3,b9af294e862e,4,0,0,0,0,0,fp16,streamed,idle,idle,0.0,316.122,5.005061305011623,63.16046512426603,nvml_energy_counter,nan,NVIDIA A100-SXM4-80GB,GPU-ac1cbae9-37e9-404d-a624-959b7a66e772,595.84,13020,2.5.1+cu124,True,210,1593,500.0,26.0,False,1,False,2026-07-22T02:26:24.411782+00:00,False,210.0,210.0,210.0,26.0,1,no_ctx,,,0,0,0.0
3,b9af294e862e,0,0,0,0,0,0,fp16,streamed,idle,idle,0.0,315.774,5.005064521974418,63.09089495522271,nvml_energy_counter,nan,NVIDIA A100-SXM4-80GB,GPU-ac1cbae9-37e9-404d-a624-959b7a66e772,595.84,13020,2.5.1+cu124,True,210,1593,500.0,26.0,False,1,False,2026-07-22T02:26:49.707534+00:00,False,210.0,210.0,210.0,26.0,1,ctx,,,0,0,0.0
3,b9af294e862e,1,0,0,0,0,0,fp16,streamed,idle,idle,0.0,315.612,5.004952371993568,63.05994074310956,nvml_energy_counter,nan,NVIDIA A100-SXM4-80GB,GPU-ac1cbae9-37e9-404d-a624-959b7a66e772,595.84,13020,2.5.1+cu124,True,210,1593,500.0,26.0,False,1,False,2026-07-22T02:26:49.707534+00:00,False,210.0,210.0,210.0,26.0,1,ctx,,,0,0,0.0
3,b9af294e862e,2,0,0,0,0,0,fp16,streamed,idle,idle,0.0,315.528,5.005043242010288,63.04201277455246,nvml_energy_counter,nan,NVIDIA A100-SXM4-80GB,GPU-ac1cbae9-37e9-404d-a624-959b7a66e772,595.84,13020,2.5.1+cu124,True,210,1593,500.0,26.0,False,1,False,2026-07-22T02:26:49.707534+00:00,False,210.0,210.0,210.0,26.0,1,ctx,,,0,0,0.0
3,b9af294e862e,3,0,0,0,0,0,fp16,streamed,idle,idle,0.0,315.472,5.005054712994024,63.030679600959765,nvml_energy_counter,nan,NVIDIA A100-SXM4-80GB,GPU-ac1cbae9-37e9-404d-a624-959b7a66e772,595.84,13020,2.5.1+cu124,True,210,1593,500.0,26.0,False,1,False,2026-07-22T02:26:49.707534+00:00,False,210.0,210.0,210.0,26.0,1,ctx,,,0,0,0.0
3,b9af294e862e,4,0,0,0,0,0,fp16,streamed,idle,idle,0.0,315.266,5.005048221035395,62.98960291231338,nvml_energy_counter,nan,NVIDIA A100-SXM4-80GB,GPU-ac1cbae9-37e9-404d-a624-959b7a66e772,595.84,13020,2.5.1+cu124,True,210,1593,500.0,26.0,False,1,False,2026-07-22T02:26:49.707534+00:00,False,210.0,210.0,210.0,26.0,1,ctx,,,0,0,0.0
3,b9af294e862e,0,0,0,0,0,0,fp16,streamed,idle,idle,0.0,374.167,5.0051085550221615,74.75701993007887,nvml_energy_counter,nan,NVIDIA A100-SXM4-80GB,GPU-ac1cbae9-37e9-404d-a624-959b7a66e772,595.84,13020,2.5.1+cu124,True,1275,1593,500.0,27.0,False,0,False,2026-07-22T02:27:14.987495+00:00,False,1275.0,1275.0,1275.0,26.0,0,cached,,,0,0,0.0
3,b9af294e862e,1,0,0,0,0,0,fp16,streamed,idle,idle,0.0,374.056,5.00513708795188,74.73441654583432,nvml_energy_counter,nan,NVIDIA A100-SXM4-80GB,GPU-ac1cbae9-37e9-404d-a624-959b7a66e772,595.84,13020,2.5.1+cu124,True,1275,1593,500.0,27.0,False,0,False,2026-07-22T02:27:14.987495+00:00,False,1275.0,1275.0,1275.0,27.0,0,cached,,,0,0,0.0
3,b9af294e862e,2,0,0,0,0,0,fp16,streamed,idle,idle,0.0,374.583,5.005141395959072,74.83964395140198,nvml_energy_counter,nan,NVIDIA A100-SXM4-80GB,GPU-ac1cbae9-37e9-404d-a624-959b7a66e772,595.84,13020,2.5.1+cu124,True,1275,1593,500.0,27.0,False,0,False,2026-07-22T02:27:14.987495+00:00,False,1275.0,1275.0,1275.0,27.0,0,cached,,,0,0,0.0
3,b9af294e862e,3,0,0,0,0,0,fp16,streamed,idle,idle,0.0,367.202,5.0051023429841734,73.3655327777103,nvml_energy_counter,nan,NVIDIA A100-SXM4-80GB,GPU-ac1cbae9-37e9-404d-a624-959b7a66e772,595.84,13020,2.5.1+cu124,True,1275,1593,500.0,27.0,False,0,False,2026-07-22T02:27:14.987495+00:00,False,1275.0,1275.0,1275.0,27.0,0,cached,,,0,0,0.0
3,b9af294e862e,4,0,0,0,0,0,fp16,streamed,idle,idle,0.0,374.836,5.005129773984663,74.89036586989175,nvml_energy_counter,nan,NVIDIA A100-SXM4-80GB,GPU-ac1cbae9-37e9-404d-a624-959b7a66e772,595.84,13020,2.5.1+cu124,True,1275,1593,500.0,27.0,False,0,False,2026-07-22T02:27:14.987495+00:00,False,1275.0,1275.0,1275.0,27.0,0,cached,,,0,0,0.0
0,b9af294e862e,0,2048,2048,2048,17761,305131656577024,fp16,streamed,reference_drift,reference_drift,,601.367,1.2803111030370928,469.7038075929092,nvml_energy_counter,1.970844345506962e-12,NVIDIA A100-SXM4-80GB,GPU-ac1cbae9-37e9-404d-a624-959b7a66e772,595.84,13020,2.5.1+cu124,True,1365,1593,500.0,58.0,False,4,False,2026-07-22T02:27:25.407640+00:00,False,1365.0,1350.0,1380.0,54.0,4,,,,0,0,0.0
0,b9af294e862e,1,2048,2048,2048,17761,305131656577024,fp16,streamed,reference_drift,reference_drift,,650.464,1.2817788590327837,507.4697522245242,nvml_energy_counter,2.131748659896271e-12,NVIDIA A100-SXM4-80GB,GPU-ac1cbae9-37e9-404d-a624-959b7a66e772,595.84,13020,2.5.1+cu124,True,1365,1593,500.0,58.0,False,4,False,2026-07-22T02:27:25.407640+00:00,True,1365.0,1350.0,1380.0,55.0,4,,,,0,0,0.0
0,b9af294e862e,2,2048,2048,2048,17761,305131656577024,fp16,streamed,reference_drift,reference_drift,,650.243,1.2809308670111932,507.6331726763815,nvml_energy_counter,2.1310243823746294e-12,NVIDIA A100-SXM4-80GB,GPU-ac1cbae9-37e9-404d-a624-959b7a66e772,595.84,13020,2.5.1+cu124,True,1365,1593,500.0,58.0,False,4,False,2026-07-22T02:27:25.407640+00:00,False,1365.0,1350.0,1380.0,56.0,4,,,,0,0,0.0
0,b9af294e862e,3,2048,2048,2048,17761,305131656577024,fp16,streamed,reference_drift,reference_drift,,648.79,1.28497638204135,504.9042216397112,nvml_energy_counter,2.1262625034653747e-12,NVIDIA A100-SXM4-80GB,GPU-ac1cbae9-37e9-404d-a624-959b7a66e772,595.84,13020,2.5.1+cu124,True,1365,1593,500.0,58.0,False,4,False,2026-07-22T02:27:25.407640+00:00,False,1365.0,1350.0,1380.0,57.0,4,,,,0,0,0.0
0,b9af294e862e,4,2048,2048,2048,17761,305131656577024,fp16,streamed,reference_drift,reference_drift,,649.14,1.284441608004272,505.38692919533713,nvml_energy_counter,2.127409549314128e-12,NVIDIA A100-SXM4-80GB,GPU-ac1cbae9-37e9-404d-a624-959b7a66e772,595.84,13020,2.5.1+cu124,True,1365,1593,500.0,58.0,False,4,False,2026-07-22T02:27:25.407640+00:00,False,1365.0,1335.0,1380.0,58.0,4,,,,0,0,0.0
3,b9af294e862e,0,4096,4096,4096,2856,392525651116032,fp16,streamed,dense_random,dense_random,1.0,754.107,1.5188495749607682,496.4988056960667,nvml_energy_counter,1.921166165461842e-12,NVIDIA A100-SXM4-80GB,GPU-ac1cbae9-37e9-404d-a624-959b7a66e772,595.84,13020,2.5.1+cu124,True,1335,1593,500.0,64.0,False,4,False,2026-07-22T02:27:37.616757+00:00,False,1335.0,1320.0,1350.0,62.0,4,,,,0,0,0.0
3,b9af294e862e,1,4096,4096,4096,2856,392525651116032,fp16,streamed,dense_random,dense_random,1.0,751.22,1.518372759979684,494.75334371123165,nvml_energy_counter,1.9138112321172524e-12,NVIDIA A100-SXM4-80GB,GPU-ac1cbae9-37e9-404d-a624-959b7a66e772,595.84,13020,2.5.1+cu124,True,1335,1593,500.0,64.0,False,4,False,2026-07-22T02:27:37.616757+00:00,False,1335.0,1305.0,1365.0,62.0,4,,,,0,0,0.0
3,b9af294e862e,2,4096,4096,4096,2856,392525651116032,fp16,streamed,dense_random,dense_random,1.0,803.251,1.5197675779927522,528.5354231999748,nvml_energy_counter,2.046365626593295e-12,NVIDIA A100-SXM4-80GB,GPU-ac1cbae9-37e9-404d-a624-959b7a66e772,595.84,13020,2.5.1+cu124,True,1335,1593,500.0,64.0,False,4,False,2026-07-22T02:27:37.616757+00:00,True,1335.0,1320.0,1365.0,63.0,4,,,,0,0,0.0
3,b9af294e862e,3,4096,4096,4096,2856,392525651116032,fp16,streamed,dense_random,dense_random,1.0,752.986,1.5217833339702338,494.80499831438453,nvml_energy_counter,1.9183103011461907e-12,NVIDIA A100-SXM4-80GB,GPU-ac1cbae9-37e9-404d-a624-959b7a66e772,595.84,13020,2.5.1+cu124,True,1335,1593,500.0,64.0,False,4,False,2026-07-22T02:27:37.616757+00:00,False,1335.0,1305.0,1335.0,64.0,4,,,,0,0,0.0
3,b9af294e862e,4,4096,4096,4096,2856,392525651116032,fp16,streamed,dense_random,dense_random,1.0,753.106,1.5219495559576899,494.82980368958846,nvml_energy_counter,1.9186160136509886e-12,NVIDIA A100-SXM4-80GB,GPU-ac1cbae9-37e9-404d-a624-959b7a66e772,595.84,13020,2.5.1+cu124,True,1335,1593,500.0,64.0,False,4,False,2026-07-22T02:27:37.616757+00:00,False,1335.0,1320.0,1350.0,64.0,4,,,,0,0,0.0
3,b9af294e862e,0,6144,6144,6144,885,410512974151680,fp16,streamed,dense_random,dense_random,1.0,749.046,1.5225672499509528,491.9625061054804,nvml_energy_counter,1.8246585300937063e-12,NVIDIA A100-SXM4-80GB,GPU-ac1cbae9-37e9-404d-a624-959b7a66e772,595.84,13020,2.5.1+cu124,True,1320,1593,500.0,67.0,False,4,False,2026-07-22T02:27:49.889386+00:00,False,1320.0,1320.0,1350.0,66.0,4,,,,0,0,0.0
3,b9af294e862e,1,6144,6144,6144,885,410512974151680,fp16,streamed,dense_random,dense_random,1.0,748.624,1.522269020031672,491.78166943476543,nvml_energy_counter,1.823630547967509e-12,NVIDIA A100-SXM4-80GB,GPU-ac1cbae9-37e9-404d-a624-959b7a66e772,595.84,13020,2.5.1+cu124,True,1320,1593,500.0,67.0,False,4,False,2026-07-22T02:27:49.889386+00:00,False,1320.0,1320.0,1320.0,66.0,4,,,,0,0,0.0
3,b9af294e862e,2,6144,6144,6144,885,410512974151680,fp16,streamed,dense_random,dense_random,1.0,751.467,1.5253790579736233,492.64279332527343,nvml_energy_counter,1.830556029448027e-12,NVIDIA A100-SXM4-80GB,GPU-ac1cbae9-37e9-404d-a624-959b7a66e772,595.84,13020,2.5.1+cu124,True,1320,1593,500.0,67.0,False,4,False,2026-07-22T02:27:49.889386+00:00,False,1320.0,1290.0,1320.0,67.0,4,,,,0,0,0.0
3,b9af294e862e,3,6144,6144,6144,885,410512974151680,fp16,streamed,dense_random,dense_random,1.0,801.615,1.524712576996535,525.7482702602654,nvml_energy_counter,1.9527153841033346e-12,NVIDIA A100-SXM4-80GB,GPU-ac1cbae9-37e9-404d-a624-959b7a66e772,595.84,13020,2.5.1+cu124,True,1320,1593,500.0,67.0,False,4,False,2026-07-22T02:27:49.889386+00:00,True,1320.0,1305.0,1365.0,67.0,4,,,,0,0,0.0
3,b9af294e862e,4,6144,6144,6144,885,410512974151680,fp16,streamed,dense_random,dense_random,1.0,752.716,1.525954296987038,493.2755859636298,nvml_energy_counter,1.833598564224379e-12,NVIDIA A100-SXM4-80GB,GPU-ac1cbae9-37e9-404d-a624-959b7a66e772,595.84,13020,2.5.1+cu124,True,1320,1593,500.0,67.0,False,4,False,2026-07-22T02:27:49.889386+00:00,False,1320.0,1290.0,1320.0,67.0,4,,,,0,0,0.0
3,b9af294e862e,0,512,512,512,126580,33978560020480,fp16,streamed,dense_random,dense_random,1.0,173.188,0.9284747450146824,186.5295754460842,nvml_energy_counter,5.096978797677532e-12,NVIDIA A100-SXM4-80GB,GPU-ac1cbae9-37e9-404d-a624-959b7a66e772,595.84,13020,2.5.1+cu124,True,1410,1593,500.0,48.0,False,0,False,2026-07-22T02:27:57.365569+00:00,False,1410.0,1410.0,1410.0,51.0,0,,,,0,0,0.0
3,b9af294e862e,1,512,512,512,126580,33978560020480,fp16,streamed,dense_random,dense_random,1.0,172.588,0.9281848199898377,185.9414162816082,nvml_energy_counter,5.079320603815332e-12,NVIDIA A100-SXM4-80GB,GPU-ac1cbae9-37e9-404d-a624-959b7a66e772,595.84,13020,2.5.1+cu124,True,1410,1593,500.0,48.0,False,0,False,2026-07-22T02:27:57.365569+00:00,False,1410.0,1410.0,1410.0,50.0,0,,,,0,0,0.0
3,b9af294e862e,2,512,512,512,126580,33978560020480,fp16,streamed,dense_random,dense_random,1.0,172.247,0.9281967830029316,185.57164079231245,nvml_energy_counter,5.0692848636369835e-12,NVIDIA A100-SXM4-80GB,GPU-ac1cbae9-37e9-404d-a624-959b7a66e772,595.84,13020,2.5.1+cu124,True,1410,1593,500.0,48.0,False,0,False,2026-07-22T02:27:57.365569+00:00,False,1410.0,1410.0,1410.0,49.0,0,,,,0,0,0.0
3,b9af294e862e,3,512,512,512,126580,33978560020480,fp16,streamed,dense_random,dense_random,1.0,190.463,0.9281347159994766,205.21051170346203,nvml_energy_counter,5.605387629293344e-12,NVIDIA A100-SXM4-80GB,GPU-ac1cbae9-37e9-404d-a624-959b7a66e772,595.84,13020,2.5.1+cu124,True,1410,1593,500.0,48.0,False,0,False,2026-07-22T02:27:57.365569+00:00,True,1410.0,1410.0,1410.0,49.0,0,,,,0,0,0.0
3,b9af294e862e,4,512,512,512,126580,33978560020480,fp16,streamed,dense_random,dense_random,1.0,171.679,0.9278996349894442,185.01893257232828,nvml_energy_counter,5.052568440114101e-12,NVIDIA A100-SXM4-80GB,GPU-ac1cbae9-37e9-404d-a624-959b7a66e772,595.84,13020,2.5.1+cu124,True,1410,1593,500.0,48.0,False,0,False,2026-07-22T02:27:57.365569+00:00,False,1410.0,1410.0,1410.0,48.0,0,,,,0,0,0.0
3,b9af294e862e,0,2048,2048,2048,20107,345435629682688,fp16,streamed,dense_random,dense_random,1.0,757.776,1.4610822300310247,518.6402136886637,nvml_energy_counter,2.193682222925532e-12,NVIDIA A100-SXM4-80GB,GPU-ac1cbae9-37e9-404d-a624-959b7a66e772,595.84,13020,2.5.1+cu124,True,1350,1593,500.0,67.0,False,4,False,2026-07-22T02:28:09.111786+00:00,True,1365.0,1335.0,1365.0,65.0,4,,,,0,0,0.0
3,b9af294e862e,1,2048,2048,2048,20107,345435629682688,fp16,streamed,dense_random,dense_random,1.0,750.572,1.4645227990113199,512.5027759941336,nvml_energy_counter,2.1728273967843566e-12,NVIDIA A100-SXM4-80GB,GPU-ac1cbae9-37e9-404d-a624-959b7a66e772,595.84,13020,2.5.1+cu124,True,1350,1593,500.0,67.0,False,4,False,2026-07-22T02:28:09.111786+00:00,False,1350.0,1335.0,1365.0,66.0,4,,,,0,0,0.0
3,b9af294e862e,2,2048,2048,2048,20107,345435629682688,fp16,streamed,dense_random,dense_random,1.0,701.385,1.464773330022581,478.83517922133893,nvml_energy_counter,2.0304361789323288e-12,NVIDIA A100-SXM4-80GB,GPU-ac1cbae9-37e9-404d-a624-959b7a66e772,595.84,13020,2.5.1+cu124,True,1350,1593,500.0,67.0,False,4,False,2026-07-22T02:28:09.111786+00:00,False,1350.0,1335.0,1365.0,66.0,4,,,,0,0,0.0
3,b9af294e862e,3,2048,2048,2048,20107,345435629682688,fp16,streamed,dense_random,dense_random,1.0,752.624,1.4655381410266273,513.5478763266972,nvml_energy_counter,2.1787677220538863e-12,NVIDIA A100-SXM4-80GB,GPU-ac1cbae9-37e9-404d-a624-959b7a66e772,595.84,13020,2.5.1+cu124,True,1350,1593,500.0,67.0,False,4,False,2026-07-22T02:28:09.111786+00:00,False,1350.0,1335.0,1365.0,67.0,4,,,,0,0,0.0
3,b9af294e862e,4,2048,2048,2048,20107,345435629682688,fp16,streamed,dense_random,dense_random,1.0,751.287,1.46732793294359,512.0102896786349,nvml_energy_counter,2.1748972469635544e-12,NVIDIA A100-SXM4-80GB,GPU-ac1cbae9-37e9-404d-a624-959b7a66e772,595.84,13020,2.5.1+cu124,True,1350,1593,500.0,67.0,False,4,False,2026-07-22T02:28:09.111786+00:00,False,1350.0,1335.0,1365.0,67.0,4,,,,0,0,0.0
3,b9af294e862e,0,8192,8192,64,10439,89670327205888,fp16,streamed,dense_random,dense_random,1.0,620.591,1.3984180699917488,443.78073575927243,nvml_energy_counter,6.9208066853050395e-12,NVIDIA A100-SXM4-80GB,GPU-ac1cbae9-37e9-404d-a624-959b7a66e772,595.84,13020,2.5.1+cu124,True,1410,1593,500.0,63.0,False,0,False,2026-07-22T02:28:20.347386+00:00,True,1410.0,1410.0,1410.0,63.0,0,,,,0,0,0.0
3,b9af294e862e,1,8192,8192,64,10439,89670327205888,fp16,streamed,dense_random,dense_random,1.0,619.915,1.3981449069688097,443.38394175749715,nvml_energy_counter,6.913267959607653e-12,NVIDIA A100-SXM4-80GB,GPU-ac1cbae9-37e9-404d-a624-959b7a66e772,595.84,13020,2.5.1+cu124,True,1410,1593,500.0,63.0,False,0,False,2026-07-22T02:28:20.347386+00:00,False,1410.0,1410.0,1410.0,63.0,0,,,,0,0,0.0
3,b9af294e862e,2,8192,8192,64,10439,89670327205888,fp16,streamed,dense_random,dense_random,1.0,620.035,1.3981115650385618,443.4803455637666,nvml_energy_counter,6.91460619493855e-12,NVIDIA A100-SXM4-80GB,GPU-ac1cbae9-37e9-404d-a624-959b7a66e772,595.84,13020,2.5.1+cu124,True,1410,1593,500.0,63.0,False,0,False,2026-07-22T02:28:20.347386+00:00,False,1410.0,1410.0,1410.0,63.0,0,,,,0,0,0.0
3,b9af294e862e,3,8192,8192,64,10439,89670327205888,fp16,streamed,dense_random,dense_random,1.0,620.42,1.398058545019012,443.77254601420356,nvml_energy_counter,6.91889969995851e-12,NVIDIA A100-SXM4-80GB,GPU-ac1cbae9-37e9-404d-a624-959b7a66e772,595.84,13020,2.5.1+cu124,True,1410,1593,500.0,63.0,False,0,False,2026-07-22T02:28:20.347386+00:00,False,1410.0,1410.0,1410.0,63.0,0,,,,0,0,0.0
3,b9af294e862e,4,8192,8192,64,10439,89670327205888,fp16,streamed,dense_random,dense_random,1.0,620.366,1.3981527509749867,443.70402273098875,nvml_energy_counter,6.918297494059607e-12,NVIDIA A100-SXM4-80GB,GPU-ac1cbae9-37e9-404d-a624-959b7a66e772,595.84,13020,2.5.1+cu124,True,1410,1593,500.0,63.0,False,0,False,2026-07-22T02:28:20.347386+00:00,False,1410.0,1410.0,1410.0,63.0,0,,,,0,0,0.0
3,b9af294e862e,0,8192,8192,256,8079,277592326275072,fp16,streamed,dense_random,dense_random,1.0,753.226,1.5173812590073794,496.3986443939182,nvml_energy_counter,2.713425151578624e-12,NVIDIA A100-SXM4-80GB,GPU-ac1cbae9-37e9-404d-a624-959b7a66e772,595.84,13020,2.5.1+cu124,True,1320,1593,500.0,69.0,False,4,False,2026-07-22T02:28:32.548881+00:00,False,1320.0,1320.0,1335.0,68.0,4,,,,0,0,0.0
3,b9af294e862e,1,8192,8192,256,8079,277592326275072,fp16,streamed,dense_random,dense_random,1.0,752.991,1.518906973011326,495.74530460357903,nvml_energy_counter,2.7125785863901927e-12,NVIDIA A100-SXM4-80GB,GPU-ac1cbae9-37e9-404d-a624-959b7a66e772,595.84,13020,2.5.1+cu124,True,1320,1593,500.0,69.0,False,4,False,2026-07-22T02:28:32.548881+00:00,False,1320.0,1290.0,1365.0,68.0,4,,,,0,0,0.0
3,b9af294e862e,2,8192,8192,256,8079,277592326275072,fp16,streamed,dense_random,dense_random,1.0,753.299,1.5188991280156188,495.950643532303,nvml_energy_counter,2.7136881271477955e-12,NVIDIA A100-SXM4-80GB,GPU-ac1cbae9-37e9-404d-a624-959b7a66e772,595.84,13020,2.5.1+cu124,True,1320,1593,500.0,69.0,False,4,False,2026-07-22T02:28:32.548881+00:00,True,1320.0,1320.0,1335.0,68.0,4,,,,0,0,0.0
3,b9af294e862e,3,8192,8192,256,8079,277592326275072,fp16,streamed,dense_random,dense_random,1.0,750.925,1.51872369897319,494.44477656317656,nvml_energy_counter,2.705136017542116e-12,NVIDIA A100-SXM4-80GB,GPU-ac1cbae9-37e9-404d-a624-959b7a66e772,595.84,13020,2.5.1+cu124,True,1320,1593,500.0,69.0,False,4,False,2026-07-22T02:28:32.548881+00:00,False,1320.0,1305.0,1335.0,68.0,4,,,,0,0,0.0
3,b9af294e862e,4,8192,8192,256,8079,277592326275072,fp16,streamed,dense_random,dense_random,1.0,753.224,1.518452740041539,496.047048510311,nvml_energy_counter,2.7134179467685095e-12,NVIDIA A100-SXM4-80GB,GPU-ac1cbae9-37e9-404d-a624-959b7a66e772,595.84,13020,2.5.1+cu124,True,1320,1593,500.0,69.0,False,4,False,2026-07-22T02:28:32.548881+00:00,False,1320.0,1320.0,1350.0,69.0,4,,,,0,0,0.0
3,b9af294e862e,0,1024,1024,1024,73219,157236605222912,fp16,streamed,dense_random,dense_random,1.0,484.313,1.1794368049595505,410.63073321390016,nvml_energy_counter,3.0801542637822576e-12,NVIDIA A100-SXM4-80GB,GPU-ac1cbae9-37e9-404d-a624-959b7a66e772,595.84,13020,2.5.1+cu124,True,1410,1593,500.0,64.0,False,0,False,2026-07-22T02:28:42.064544+00:00,True,1410.0,1410.0,1410.0,65.0,0,,,,0,0,0.0
3,b9af294e862e,1,1024,1024,1024,73219,157236605222912,fp16,streamed,dense_random,dense_random,1.0,483.628,1.1788046180154197,410.2698552489669,nvml_energy_counter,3.075797771863414e-12,NVIDIA A100-SXM4-80GB,GPU-ac1cbae9-37e9-404d-a624-959b7a66e772,595.84,13020,2.5.1+cu124,True,1410,1593,500.0,64.0,False,0,False,2026-07-22T02:28:42.064544+00:00,False,1410.0,1410.0,1410.0,65.0,0,,,,0,0,0.0
3,b9af294e862e,2,1024,1024,1024,73219,157236605222912,fp16,streamed,dense_random,dense_random,1.0,442.924,1.1780162379727699,375.99142161420554,nvml_energy_counter,2.8169267542508516e-12,NVIDIA A100-SXM4-80GB,GPU-ac1cbae9-37e9-404d-a624-959b7a66e772,595.84,13020,2.5.1+cu124,True,1410,1593,500.0,64.0,False,0,False,2026-07-22T02:28:42.064544+00:00,False,1410.0,1410.0,1410.0,65.0,0,,,,0,0,0.0
3,b9af294e862e,3,1024,1024,1024,73219,157236605222912,fp16,streamed,dense_random,dense_random,1.0,483.083,1.1791377909830771,409.69172873107686,nvml_energy_counter,3.0723316578549913e-12,NVIDIA A100-SXM4-80GB,GPU-ac1cbae9-37e9-404d-a624-959b7a66e772,595.84,13020,2.5.1+cu124,True,1410,1593,500.0,64.0,False,0,False,2026-07-22T02:28:42.064544+00:00,False,1410.0,1410.0,1410.0,65.0,0,,,,0,0,0.0
3,b9af294e862e,4,1024,1024,1024,73219,157236605222912,fp16,streamed,dense_random,dense_random,1.0,483.614,1.1790160280070268,410.1844152343599,nvml_energy_counter,3.075708734072372e-12,NVIDIA A100-SXM4-80GB,GPU-ac1cbae9-37e9-404d-a624-959b7a66e772,595.84,13020,2.5.1+cu124,True,1410,1593,500.0,64.0,False,0,False,2026-07-22T02:28:42.064544+00:00,False,1410.0,1410.0,1410.0,65.0,0,,,,0,0,0.0
3,b9af294e862e,0,256,256,256,93178,3126534864896,fp16,streamed,dense_random,dense_random,1.0,107.489,0.9317893289844505,115.35762071578066,nvml_energy_counter,3.4379594229657016e-11,NVIDIA A100-SXM4-80GB,GPU-ac1cbae9-37e9-404d-a624-959b7a66e772,595.84,13020,2.5.1+cu124,True,1410,1593,500.0,44.0,False,0,False,2026-07-22T02:28:49.550123+00:00,True,1410.0,1410.0,1410.0,47.0,0,,,,0,0,0.0
3,b9af294e862e,1,256,256,256,93178,3126534864896,fp16,streamed,dense_random,dense_random,1.0,106.846,0.9292471250519156,114.98125430738425,nvml_energy_counter,3.41739352404612e-11,NVIDIA A100-SXM4-80GB,GPU-ac1cbae9-37e9-404d-a624-959b7a66e772,595.84,13020,2.5.1+cu124,True,1410,1593,500.0,44.0,False,0,False,2026-07-22T02:28:49.550123+00:00,False,1410.0,1410.0,1410.0,46.0,0,,,,0,0,0.0
3,b9af294e862e,2,256,256,256,93178,3126534864896,fp16,streamed,dense_random,dense_random,1.0,106.489,0.9332846559700556,114.10130801873667,nvml_energy_counter,3.405975132266508e-11,NVIDIA A100-SXM4-80GB,GPU-ac1cbae9-37e9-404d-a624-959b7a66e772,595.84,13020,2.5.1+cu124,True,1410,1593,500.0,44.0,False,0,False,2026-07-22T02:28:49.550123+00:00,False,1410.0,1410.0,1410.0,46.0,0,,,,0,0,0.0
3,b9af294e862e,3,256,256,256,93178,3126534864896,fp16,streamed,dense_random,dense_random,1.0,106.197,0.9233077130047604,115.01799292285611,nvml_energy_counter,3.396635719382343e-11,NVIDIA A100-SXM4-80GB,GPU-ac1cbae9-37e9-404d-a624-959b7a66e772,595.84,13020,2.5.1+cu124,True,1410,1593,500.0,44.0,False,0,False,2026-07-22T02:28:49.550123+00:00,False,1410.0,1410.0,1410.0,45.0,0,,,,0,0,0.0
3,b9af294e862e,4,256,256,256,93178,3126534864896,fp16,streamed,dense_random,dense_random,1.0,105.886,0.926111999026034,114.33390357900268,nvml_energy_counter,3.386688604974893e-11,NVIDIA A100-SXM4-80GB,GPU-ac1cbae9-37e9-404d-a624-959b7a66e772,595.84,13020,2.5.1+cu124,True,1410,1593,500.0,44.0,False,0,False,2026-07-22T02:28:49.550123+00:00,False,1410.0,1410.0,1410.0,44.0,0,,,,0,0,0.0
0,b9af294e862e,0,2048,2048,2048,19528,335488485425152,fp16,streamed,reference_drift,reference_drift,,706.341,1.419583594019059,497.56914842911095,nvml_energy_counter,2.105410560081907e-12,NVIDIA A100-SXM4-80GB,GPU-ac1cbae9-37e9-404d-a624-959b7a66e772,595.84,13020,2.5.1+cu124,True,1350,1593,500.0,69.0,False,4,False,2026-07-22T02:29:00.988363+00:00,True,1365.0,1335.0,1365.0,67.0,4,,,,0,0,0.0
0,b9af294e862e,1,2048,2048,2048,19528,335488485425152,fp16,streamed,reference_drift,reference_drift,,702.514,1.4239210480009206,493.365837232533,nvml_energy_counter,2.0940033131382446e-12,NVIDIA A100-SXM4-80GB,GPU-ac1cbae9-37e9-404d-a624-959b7a66e772,595.84,13020,2.5.1+cu124,True,1350,1593,500.0,69.0,False,4,False,2026-07-22T02:29:00.988363+00:00,False,1350.0,1335.0,1380.0,67.0,4,,,,0,0,0.0
0,b9af294e862e,2,2048,2048,2048,19528,335488485425152,fp16,streamed,reference_drift,reference_drift,,702.796,1.4300635230029002,491.4439035017431,nvml_energy_counter,2.094843878499654e-12,NVIDIA A100-SXM4-80GB,GPU-ac1cbae9-37e9-404d-a624-959b7a66e772,595.84,13020,2.5.1+cu124,True,1350,1593,500.0,69.0,False,4,False,2026-07-22T02:29:00.988363+00:00,False,1350.0,1335.0,1350.0,68.0,4,,,,0,0,0.0
0,b9af294e862e,3,2048,2048,2048,19528,335488485425152,fp16,streamed,reference_drift,reference_drift,,700.515,1.4283795899827965,490.42635789022796,nvml_energy_counter,2.0880448374025817e-12,NVIDIA A100-SXM4-80GB,GPU-ac1cbae9-37e9-404d-a624-959b7a66e772,595.84,13020,2.5.1+cu124,True,1350,1593,500.0,69.0,False,4,False,2026-07-22T02:29:00.988363+00:00,False,1350.0,1320.0,1365.0,68.0,4,,,,0,0,0.0
0,b9af294e862e,4,2048,2048,2048,19528,335488485425152,fp16,streamed,reference_drift,reference_drift,,703.683,1.4298231200082228,492.1468887675793,nvml_energy_counter,2.097487784441391e-12,NVIDIA A100-SXM4-80GB,GPU-ac1cbae9-37e9-404d-a624-959b7a66e772,595.84,13020,2.5.1+cu124,True,1350,1593,500.0,69.0,False,4,False,2026-07-22T02:29:00.988363+00:00,False,1350.0,1335.0,1380.0,69.0,4,,,,0,0,0.0
3,b9af294e862e,0,8192,8192,8192,383,421112953438208,fp16,streamed,dense_random,dense_random,1.0,802.25,1.5374185830005445,521.8162502200715,nvml_energy_counter,1.905070821141858e-12,NVIDIA A100-SXM4-80GB,GPU-ac1cbae9-37e9-404d-a624-959b7a66e772,595.84,13020,2.5.1+cu124,True,1320,1593,500.0,71.0,False,4,False,2026-07-22T02:29:13.412103+00:00,False,1305.0,1290.0,1320.0,70.0,4,,,,0,0,0.0
3,b9af294e862e,1,8192,8192,8192,383,421112953438208,fp16,streamed,dense_random,dense_random,1.0,754.167,1.5348942240234464,491.3478650164493,nvml_energy_counter,1.7908900541827259e-12,NVIDIA A100-SXM4-80GB,GPU-ac1cbae9-37e9-404d-a624-959b7a66e772,595.84,13020,2.5.1+cu124,True,1320,1593,500.0,71.0,False,4,False,2026-07-22T02:29:13.412103+00:00,False,1312.5,1290.0,1335.0,70.0,4,,,,0,0,0.0
3,b9af294e862e,2,8192,8192,8192,383,421112953438208,fp16,streamed,dense_random,dense_random,1.0,751.082,1.5372670789947733,488.58263489980953,nvml_energy_counter,1.7835642287128316e-12,NVIDIA A100-SXM4-80GB,GPU-ac1cbae9-37e9-404d-a624-959b7a66e772,595.84,13020,2.5.1+cu124,True,1320,1593,500.0,71.0,False,4,False,2026-07-22T02:29:13.412103+00:00,False,1305.0,1290.0,1320.0,70.0,4,,,,0,0,0.0
3,b9af294e862e,3,8192,8192,8192,383,421112953438208,fp16,streamed,dense_random,dense_random,1.0,803.775,1.5381273640086874,522.5672586080201,nvml_energy_counter,1.9086921773303795e-12,NVIDIA A100-SXM4-80GB,GPU-ac1cbae9-37e9-404d-a624-959b7a66e772,595.84,13020,2.5.1+cu124,True,1320,1593,500.0,71.0,False,4,False,2026-07-22T02:29:13.412103+00:00,True,1305.0,1290.0,1335.0,71.0,4,,,,0,0,0.0
3,b9af294e862e,4,8192,8192,8192,383,421112953438208,fp16,streamed,dense_random,dense_random,1.0,753.229,1.5355690809665248,490.52107738839027,nvml_energy_counter,1.7886626232943106e-12,NVIDIA A100-SXM4-80GB,GPU-ac1cbae9-37e9-404d-a624-959b7a66e772,595.84,13020,2.5.1+cu124,True,1320,1593,500.0,71.0,False,4,False,2026-07-22T02:29:13.412103+00:00,False,1305.0,1260.0,1320.0,71.0,4,,,,0,0,0.0
3,b9af294e862e,0,3072,3072,3072,5862,339890826903552,fp16,streamed,dense_random,dense_random,1.0,698.36,1.4657830329961143,476.4415907943255,nvml_energy_counter,2.054659745784101e-12,NVIDIA A100-SXM4-80GB,GPU-ac1cbae9-37e9-404d-a624-959b7a66e772,595.84,13020,2.5.1+cu124,True,1320,1593,500.0,70.0,False,4,False,2026-07-22T02:29:25.205401+00:00,False,1320.0,1320.0,1350.0,70.0,4,,,,0,0,0.0
3,b9af294e862e,1,3072,3072,3072,5862,339890826903552,fp16,streamed,dense_random,dense_random,1.0,749.928,1.4652569449972361,511.80648046777526,nvml_energy_counter,2.2063790506850037e-12,NVIDIA A100-SXM4-80GB,GPU-ac1cbae9-37e9-404d-a624-959b7a66e772,595.84,13020,2.5.1+cu124,True,1320,1593,500.0,70.0,False,4,False,2026-07-22T02:29:25.205401+00:00,True,1320.0,1305.0,1335.0,70.0,4,,,,0,0,0.0
3,b9af294e862e,2,3072,3072,3072,5862,339890826903552,fp16,streamed,dense_random,dense_random,1.0,744.307,1.466825800947845,507.4269892982779,nvml_energy_counter,2.1898413875441418e-12,NVIDIA A100-SXM4-80GB,GPU-ac1cbae9-37e9-404d-a624-959b7a66e772,595.84,13020,2.5.1+cu124,True,1320,1593,500.0,70.0,False,4,False,2026-07-22T02:29:25.205401+00:00,False,1320.0,1320.0,1335.0,70.0,4,,,,0,0,0.0
3,b9af294e862e,3,3072,3072,3072,5862,339890826903552,fp16,streamed,dense_random,dense_random,1.0,696.49,1.467115054023452,474.73441029040555,nvml_energy_counter,2.0491579791814656e-12,NVIDIA A100-SXM4-80GB,GPU-ac1cbae9-37e9-404d-a624-959b7a66e772,595.84,13020,2.5.1+cu124,True,1320,1593,500.0,70.0,False,4,False,2026-07-22T02:29:25.205401+00:00,False,1320.0,1320.0,1335.0,70.0,4,,,,0,0,0.0
3,b9af294e862e,4,3072,3072,3072,5862,339890826903552,fp16,streamed,dense_random,dense_random,1.0,695.27,1.4679486889508553,473.6337211465547,nvml_energy_counter,2.0455685913444525e-12,NVIDIA A100-SXM4-80GB,GPU-ac1cbae9-37e9-404d-a624-959b7a66e772,595.84,13020,2.5.1+cu124,True,1320,1593,500.0,70.0,False,4,False,2026-07-22T02:29:25.205401+00:00,False,1320.0,1320.0,1365.0,70.0,4,,,,0,0,0.0
3,b9af294e862e,0,0,0,0,0,0,fp16,streamed,idle,idle,0.0,481.466,5.005196387995966,96.19322853239221,nvml_energy_counter,nan,NVIDIA A100-SXM4-80GB,GPU-ac1cbae9-37e9-404d-a624-959b7a66e772,595.84,13020,2.5.1+cu124,True,1275,1593,500.0,35.0,False,0,False,2026-07-22T02:29:50.282375+00:00,False,1275.0,1275.0,1410.0,70.0,4,post_load,,,0,0,0.0
3,b9af294e862e,1,0,0,0,0,0,fp16,streamed,idle,idle,0.0,407.188,5.00521839997964,81.35269382084434,nvml_energy_counter,nan,NVIDIA A100-SXM4-80GB,GPU-ac1cbae9-37e9-404d-a624-959b7a66e772,595.84,13020,2.5.1+cu124,True,1275,1593,500.0,35.0,False,0,False,2026-07-22T02:29:50.282375+00:00,False,1275.0,1275.0,1275.0,45.0,0,post_load,,,0,0,0.0
3,b9af294e862e,2,0,0,0,0,0,fp16,streamed,idle,idle,0.0,399.034,5.005201276973821,79.72386681745168,nvml_energy_counter,nan,NVIDIA A100-SXM4-80GB,GPU-ac1cbae9-37e9-404d-a624-959b7a66e772,595.84,13020,2.5.1+cu124,True,1275,1593,500.0,35.0,False,0,False,2026-07-22T02:29:50.282375+00:00,False,1275.0,1275.0,1275.0,41.0,0,post_load,,,0,0,0.0
3,b9af294e862e,3,0,0,0,0,0,fp16,streamed,idle,idle,0.0,386.607,5.004971674992703,77.24459299773433,nvml_energy_counter,nan,NVIDIA A100-SXM4-80GB,GPU-ac1cbae9-37e9-404d-a624-959b7a66e772,595.84,13020,2.5.1+cu124,True,1275,1593,500.0,35.0,False,0,False,2026-07-22T02:29:50.282375+00:00,False,1275.0,1275.0,1275.0,39.0,0,post_load,,,0,0,0.0
3,b9af294e862e,4,0,0,0,0,0,fp16,streamed,idle,idle,0.0,382.964,5.005203442007769,76.51317362763965,nvml_energy_counter,nan,NVIDIA A100-SXM4-80GB,GPU-ac1cbae9-37e9-404d-a624-959b7a66e772,595.84,13020,2.5.1+cu124,True,1275,1593,500.0,35.0,False,0,False,2026-07-22T02:29:50.282375+00:00,False,1275.0,1275.0,1275.0,37.0,0,post_load,,,0,0,0.0
3,b9af294e862e,0,0,0,0,0,0,fp16,streamed,idle,idle,0.0,372.484,5.001092511985917,74.48052582656342,nvml_energy_counter,nan,NVIDIA A100-SXM4-80GB,GPU-ac1cbae9-37e9-404d-a624-959b7a66e772,595.84,13020,2.5.1+cu124,True,1275,1593,500.0,29.0,False,0,False,2026-07-22T02:31:15.411162+00:00,False,1275.0,1275.0,1275.0,29.0,0,cooled,,,0,0,0.0
3,b9af294e862e,1,0,0,0,0,0,fp16,streamed,idle,idle,0.0,379.938,5.005131416022778,75.90969515479969,nvml_energy_counter,nan,NVIDIA A100-SXM4-80GB,GPU-ac1cbae9-37e9-404d-a624-959b7a66e772,595.84,13020,2.5.1+cu124,True,1275,1593,500.0,29.0,False,0,False,2026-07-22T02:31:15.411162+00:00,False,1275.0,1275.0,1275.0,29.0,0,cooled,,,0,0,0.0
3,b9af294e862e,2,0,0,0,0,0,fp16,streamed,idle,idle,0.0,379.507,5.005145581963006,75.82336892809384,nvml_energy_counter,nan,NVIDIA A100-SXM4-80GB,GPU-ac1cbae9-37e9-404d-a624-959b7a66e772,595.84,13020,2.5.1+cu124,True,1275,1593,500.0,29.0,False,0,False,2026-07-22T02:31:15.411162+00:00,False,1275.0,1275.0,1275.0,29.0,0,cooled,,,0,0,0.0
3,b9af294e862e,3,0,0,0,0,0,fp16,streamed,idle,idle,0.0,379.168,5.0051304650260136,75.75586743432258,nvml_energy_counter,nan,NVIDIA A100-SXM4-80GB,GPU-ac1cbae9-37e9-404d-a624-959b7a66e772,595.84,13020,2.5.1+cu124,True,1275,1593,500.0,29.0,False,0,False,2026-07-22T02:31:15.411162+00:00,False,1275.0,1275.0,1275.0,29.0,0,cooled,,,0,0,0.0
3,b9af294e862e,4,0,0,0,0,0,fp16,streamed,idle,idle,0.0,379.051,5.005153477017302,75.7321432280806,nvml_energy_counter,nan,NVIDIA A100-SXM4-80GB,GPU-ac1cbae9-37e9-404d-a624-959b7a66e772,595.84,13020,2.5.1+cu124,True,1275,1593,500.0,29.0,False,0,False,2026-07-22T02:31:15.411162+00:00,False,1275.0,1275.0,1275.0,29.0,0,cooled,,,0,0,0.0
